snapped_at,price,market_cap,total_volume
2023-09-07 00:00:00 UTC,0.038907616771985155,0.0,8335.832710421226
2023-09-08 00:00:00 UTC,0.038907616771985155,0.0,8335.832710421226
2023-09-09 00:00:00 UTC,0.038308319420217736,0.0,7815.408228929347
2023-09-10 00:00:00 UTC,0.038884453211760754,0.0,7913.538539921142
2023-09-11 00:00:00 UTC,0.03729487216344397,0.0,7559.639827754107
2023-09-12 00:00:00 UTC,0.03577991852004606,0.0,9541.365153906945
2023-09-13 00:00:00 UTC,0.03632118032166395,0.0,4994.1199967742605
2023-09-14 00:00:00 UTC,0.037331395994397415,0.0,8740.985371323035
2023-09-15 00:00:00 UTC,0.03846154287093068,0.0,10565.244078677446
2023-09-16 00:00:00 UTC,0.03942129279490115,0.0,6379.079924167032
2023-09-17 00:00:00 UTC,0.03800285377274201,0.0,7401.969168888373
2023-09-18 00:00:00 UTC,0.03875297480732697,0.0,9064.905647078582
2023-09-19 00:00:00 UTC,0.038110616916793294,0.0,13048.060153740002
2023-09-20 00:00:00 UTC,0.03849415414641443,0.0,11830.829482645377
2023-09-21 00:00:00 UTC,0.038743594534392814,0.0,5594.947905532426
2023-09-22 00:00:00 UTC,0.03849890104154681,0.0,5548.223265381064
2023-09-23 00:00:00 UTC,0.03858956309988869,0.0,5462.981645308972
2023-09-24 00:00:00 UTC,0.03626352534461793,0.0,12576.023627931389
2023-09-25 00:00:00 UTC,0.03816334888356595,0.0,6141.323690493238
2023-09-26 00:00:00 UTC,0.03857135843650988,0.0,4925.56027169024
2023-09-27 00:00:00 UTC,0.038472832136520876,0.0,5679.390207465746
2023-09-28 00:00:00 UTC,0.04007324674893165,0.0,7491.690795317995
2023-09-29 00:00:00 UTC,0.039748623483049104,0.0,12114.488039745798
2023-09-30 00:00:00 UTC,0.041301786225231917,0.0,18487.493433848045
2023-10-01 00:00:00 UTC,0.04134662029770678,0.0,9632.165826604252
2023-10-02 00:00:00 UTC,0.04264848727708965,0.0,6667.424089332729
2023-10-03 00:00:00 UTC,0.042837558644412375,0.0,17218.998978071544
2023-10-04 00:00:00 UTC,0.046196238940989585,0.0,17438.759421800576
2023-10-05 00:00:00 UTC,0.04941413493241639,0.0,30054.50921117499
2023-10-06 00:00:00 UTC,0.04482592439767099,0.0,40398.816057035496
2023-10-07 00:00:00 UTC,0.04766155948688615,0.0,12649.173941156525
2023-10-08 00:00:00 UTC,0.04643434503421924,0.0,13289.56732823015
2023-10-09 00:00:00 UTC,0.049385499229243,0.0,11719.964742670463
2023-10-10 00:00:00 UTC,0.04948849605794773,0.0,15850.897547972865
2023-10-11 00:00:00 UTC,0.05024949780518561,0.0,12407.126646724368
2023-10-12 00:00:00 UTC,0.05042540055223618,0.0,24481.666326894545
2023-10-13 00:00:00 UTC,0.0496864804884245,0.0,6772.510451530114
2023-10-14 00:00:00 UTC,0.05004009825925334,0.0,8590.201639699804
2023-10-15 00:00:00 UTC,0.050687788604104174,0.0,10824.640227511183
2023-10-16 00:00:00 UTC,0.05016997023017494,0.0,7130.769654665481
2023-10-17 00:00:00 UTC,0.04869398725988465,0.0,15211.571884629151
2023-10-18 00:00:00 UTC,0.04802796997977164,0.0,11020.716928127571
2023-10-19 00:00:00 UTC,0.05015726625963796,0.0,10600.653891072863
2023-10-20 00:00:00 UTC,0.04879668126855691,0.0,4379.826773046276
2023-10-21 00:00:00 UTC,0.047296765780372674,0.0,10022.628240387501
2023-10-22 00:00:00 UTC,0.045520864957789495,0.0,6497.894017597908
2023-10-23 00:00:00 UTC,0.04857711640317156,0.0,9055.25521747652
2023-10-24 00:00:00 UTC,0.049507826942219946,0.0,23583.036751520845
2023-10-25 00:00:00 UTC,0.04909803859390955,0.0,12625.954886290181
2023-10-26 00:00:00 UTC,0.048948684843502566,0.0,6519.656925094278
2023-10-27 00:00:00 UTC,0.049921824013609964,0.0,11403.472624588165
2023-10-28 00:00:00 UTC,0.04728052223097694,0.0,10551.040249021915
2023-10-29 00:00:00 UTC,0.04607039298766299,0.0,10862.209646888765
2023-10-30 00:00:00 UTC,0.04806587768656024,0.0,5423.356576638476
2023-10-31 00:00:00 UTC,0.04576938125677381,0.0,8834.352529253025
2023-11-01 00:00:00 UTC,0.048373228201434776,0.0,14082.874968898363
2023-11-02 00:00:00 UTC,0.04877259834235625,0.0,5544.90690328847
2023-11-03 00:00:00 UTC,0.048618796659294576,0.0,11771.935099297358
2023-11-04 00:00:00 UTC,0.052904080283112206,0.0,12960.081179191451
2023-11-05 00:00:00 UTC,0.051273124170982634,0.0,13416.185417354045
2023-11-06 00:00:00 UTC,0.05049183815240225,0.0,7295.160237297303
2023-11-07 00:00:00 UTC,0.05116113899943287,0.0,20020.048620957863
2023-11-08 00:00:00 UTC,0.05121056567827969,0.0,10280.952488311194
2023-11-09 00:00:00 UTC,0.05357761995452868,4785264.078996574,19105.560447909662
2023-11-10 00:00:00 UTC,0.05520717093926205,4903801.801939304,24966.345550913404
2023-11-11 00:00:00 UTC,0.05432813065861614,4855789.835438775,13413.40224928597
2023-11-12 00:00:00 UTC,0.05543770301112747,4950764.657109393,12169.943237315587
2023-11-13 00:00:00 UTC,0.0566579129339256,5040920.142927549,26272.673424885477
2023-11-14 00:00:00 UTC,0.05141523567995146,4603589.7724215165,17971.442930510075
2023-11-15 00:00:00 UTC,0.05428859536309283,4844008.281028753,18275.10176506162
2023-11-16 00:00:00 UTC,0.05472295033749958,4881574.265124248,9066.045425033955
2023-11-17 00:00:00 UTC,0.060847951954208127,5421129.968196207,25335.556474935343
2023-11-18 00:00:00 UTC,0.06510116054737605,5812666.263165468,25311.593348438786
2023-11-19 00:00:00 UTC,0.06863893419467743,6126643.844541522,19401.579172424812
2023-11-20 00:00:00 UTC,0.0687858599808966,6134239.339724815,25381.77945427497
2023-11-21 00:00:00 UTC,0.0652006860243265,5815419.930994462,16496.30176042151
2023-11-22 00:00:00 UTC,0.06514701543504484,5820677.696757181,5812.120142255428
2023-11-23 00:00:00 UTC,0.06592397431025385,5885298.138222208,10958.863290745378
2023-11-24 00:00:00 UTC,0.07191891026844065,6418058.509764601,12931.931687023698
2023-11-25 00:00:00 UTC,0.06971218032018983,6217862.231844769,10132.289045512114
2023-11-26 00:00:00 UTC,0.06926893267513244,6133447.201261634,16076.786664766649
2023-11-27 00:00:00 UTC,0.06886986427380315,6097600.831764976,15535.125943315576
2023-11-28 00:00:00 UTC,0.06663809417048862,5939662.942155237,28066.747513524613
2023-11-29 00:00:00 UTC,0.062399152664517864,5562723.382701508,33120.197813732426
2023-11-30 00:00:00 UTC,0.07140265565790092,6376054.639112313,32978.493282060255
2023-12-01 00:00:00 UTC,0.06908679127728,6163440.847941397,21131.240126386037
2023-12-02 00:00:00 UTC,0.07228973914258993,6440155.841525062,14488.394551465724
2023-12-03 00:00:00 UTC,0.07479516423496935,6666584.712565766,18798.66554117906
2023-12-04 00:00:00 UTC,0.07449386625379113,6658293.018030239,8313.367704190992
2023-12-05 00:00:00 UTC,0.0736355098802835,6560198.892744483,17223.716206048914
2023-12-06 00:00:00 UTC,0.07206287314904854,6426611.131556832,22543.852870388604
2023-12-07 00:00:00 UTC,0.07155454067018223,6386132.414973085,10988.394151419323
2023-12-08 00:00:00 UTC,0.0707547170258477,6311911.04235995,19079.501207201898
2023-12-09 00:00:00 UTC,0.07375093679693703,6575650.000211683,30608.250640012375
2023-12-10 00:00:00 UTC,0.08078561033049508,7205564.612550198,38378.12615009587
2023-12-11 00:00:00 UTC,0.09742695490241836,8691916.146674957,79732.77422877378
2023-12-12 00:00:00 UTC,0.09060599204881588,8081011.379030206,51809.378288573775
2023-12-13 00:00:00 UTC,0.086811662856614,7732841.785723691,49804.51849959301
2023-12-14 00:00:00 UTC,0.08657850351207494,7738885.229790822,35733.84033839971
2023-12-15 00:00:00 UTC,0.08810854040554296,7866795.315856839,46054.94169391651
2023-12-16 00:00:00 UTC,0.08371380332804672,7454151.248509293,45437.89871693554
2023-12-17 00:00:00 UTC,0.0844182758869956,7467816.701674049,49377.75299349248
2023-12-18 00:00:00 UTC,0.08700306268256072,7767998.4322305005,47873.8947857542
2023-12-19 00:00:00 UTC,0.08681090788504668,7755474.577338765,44096.882152629376
2023-12-20 00:00:00 UTC,0.11906511642767639,10606017.369889759,303227.1995945162
2023-12-21 00:00:00 UTC,0.15335718003881116,13476924.193475349,441084.53327915404
2023-12-22 00:00:00 UTC,0.17305400523385217,15452285.655438121,273277.62303283525
2023-12-23 00:00:00 UTC,0.14777524482187834,13193329.465918839,216245.5831428034
2023-12-24 00:00:00 UTC,0.14287835835698443,12855465.604168495,194015.54157193188
2023-12-25 00:00:00 UTC,0.15389616199781259,13751308.824446695,121985.05454361116
2023-12-26 00:00:00 UTC,0.14984309068522503,13371111.488078978,25680.149921843236
2023-12-27 00:00:00 UTC,0.1499573532748222,13366090.796393467,83141.33892910073
2023-12-28 00:00:00 UTC,0.12858873596147907,11453372.04931031,92875.81379159144
2023-12-29 00:00:00 UTC,0.11798800605107607,10525620.207101516,57168.66200421305
2023-12-30 00:00:00 UTC,0.1173072322590977,10458533.969767505,33230.307524508426
2023-12-31 00:00:00 UTC,0.1122838986423278,10023882.16528587,22805.091384028776
2024-01-01 00:00:00 UTC,0.11041049276980484,9911172.460460532,28229.58761379274
2024-01-02 00:00:00 UTC,0.10630627382873505,9446491.022133697,47222.81976940259
2024-01-03 00:00:00 UTC,0.11338892424855014,10095391.656723779,46975.28964447751
2024-01-04 00:00:00 UTC,0.10433142334309502,9311274.907412319,34643.7741592651
2024-01-05 00:00:00 UTC,0.11091701549042188,9894098.236272804,53453.05973879607
2024-01-06 00:00:00 UTC,0.10957199398717717,9757952.503679175,45550.21469355737
2024-01-07 00:00:00 UTC,0.1051578076329593,9374154.619921133,37376.866920646244
2024-01-08 00:00:00 UTC,0.09909284402635328,8867116.036593597,20798.545533027067
2024-01-09 00:00:00 UTC,0.09170502217506317,8163871.235497739,84597.68911524155
2024-01-10 00:00:00 UTC,0.08526525795308694,7586401.449047161,44898.15845893178
2024-01-11 00:00:00 UTC,0.09411670944720875,8424496.545893032,38021.821008632964
2024-01-12 00:00:00 UTC,0.10321355493139363,9215397.369893031,97980.06704273139
2024-01-13 00:00:00 UTC,0.09579318885803244,8554329.737762608,34647.07323133322
2024-01-14 00:00:00 UTC,0.10332384866566047,9213241.732154207,39865.53894673299
2024-01-15 00:00:00 UTC,0.10161658554066416,9105199.882198336,26519.22160859474
2024-01-16 00:00:00 UTC,0.11137148912276747,9990488.495886538,55371.46972616058
2024-01-17 00:00:00 UTC,0.1291988220848073,11507555.304618267,116552.9605200127
2024-01-18 00:00:00 UTC,0.13037864334821897,11620588.500912318,67969.87755037578
2024-01-19 00:00:00 UTC,0.1251369284308372,11232280.872941213,46514.24132461589
2024-01-20 00:00:00 UTC,0.12473550614286281,11122250.964252373,66047.19298395063
2024-01-21 00:00:00 UTC,0.1229352000086747,10977914.440807922,52309.217588776235
2024-01-22 00:00:00 UTC,0.12860592831303824,11512124.033781193,46133.032833961865
2024-01-23 00:00:00 UTC,0.11941965471762445,10663913.626348732,50660.282677361676
2024-01-24 00:00:00 UTC,0.11057252611036705,9848224.73503731,86899.40264150136
2024-01-25 00:00:00 UTC,0.10802667746746092,9643181.604500188,34213.98708859347
2024-01-26 00:00:00 UTC,0.11825196607337776,10550418.467046313,56217.13229454861
2024-01-27 00:00:00 UTC,0.12811025742412246,11425421.51139059,65227.75801627312
2024-01-28 00:00:00 UTC,0.1276515845888626,11392618.712141337,36534.877334303375
2024-01-29 00:00:00 UTC,0.12127357325583925,10820736.832438277,40031.16356742993
2024-01-30 00:00:00 UTC,0.12003297817109498,10677636.8577173,35489.46126716635
2024-01-31 00:00:00 UTC,0.11236744368507828,10306912.58673241,36679.44690433317
2024-02-01 00:00:00 UTC,0.11180571347890986,10266300.109219002,22620.319362594506
2024-02-02 00:00:00 UTC,0.10845145999160191,9985132.764842566,27508.878372783438
2024-02-03 00:00:00 UTC,0.10572416505815233,9725909.080419581,22827.731019487637
2024-02-04 00:00:00 UTC,0.10470073164912481,9622703.829614036,8420.795548053546
2024-02-05 00:00:00 UTC,0.10221726955460533,9368024.216943702,25191.91949472754
2024-02-06 00:00:00 UTC,0.10308344389599344,9474625.447101071,37008.818858349136
2024-02-07 00:00:00 UTC,0.10193710266807506,9421381.021079818,9642.819136026686
2024-02-08 00:00:00 UTC,0.10254525529616801,9461442.563001951,30872.035723489873
2024-02-09 00:00:00 UTC,0.09918966988089022,9149983.328292517,45523.731682032405
2024-02-10 00:00:00 UTC,0.1035530358607679,9528563.43798019,20602.70326921461
2024-02-11 00:00:00 UTC,0.10756502145608698,9897685.948516512,18271.751045619327
2024-02-12 00:00:00 UTC,0.10393780958119858,9559681.625271186,13431.936806322103
2024-02-13 00:00:00 UTC,0.10166777711350838,9345184.295026785,28474.447910580922
2024-02-14 00:00:00 UTC,0.10022362766601733,9220418.56691218,17243.84983575714
2024-02-15 00:00:00 UTC,0.09515629543279061,8759259.776851503,215783.16717016036
2024-02-16 00:00:00 UTC,0.09431934085178612,8677041.268070286,13874.736793674118
2024-02-17 00:00:00 UTC,0.10705852174478177,9860269.457856502,65777.19951487721
2024-02-18 00:00:00 UTC,0.10137702518902293,9338830.092136426,34276.83661325067
2024-02-19 00:00:00 UTC,0.10940115463083859,10063816.690932546,83201.26440936292
2024-02-20 00:00:00 UTC,0.11651734164130438,10715979.311694866,98044.70817797788
2024-02-21 00:00:00 UTC,0.11612590781884484,10685447.079851007,42593.18540800966
2024-02-22 00:00:00 UTC,0.1078606145558217,9937952.859892417,30608.26779596912
2024-02-23 00:00:00 UTC,0.10900262890670549,10030975.988716953,21525.288250483125
2024-02-24 00:00:00 UTC,0.11579772716184532,10659604.164591286,91483.95235583486
2024-02-25 00:00:00 UTC,0.11759309988796104,10816510.951636696,51299.709176674645
2024-02-26 00:00:00 UTC,0.1163845091896749,10707043.139775977,28193.920442109178
2024-02-27 00:00:00 UTC,0.11602500953435287,10680552.160762327,91073.77182626333
2024-02-28 00:00:00 UTC,0.11252301111273913,10335583.291216737,44567.31285356725
2024-02-29 00:00:00 UTC,0.1275770150893912,11705691.893446412,105206.08301066892
2024-03-01 00:00:00 UTC,0.14523458979883447,13386216.469028229,228531.46035621644
2024-03-02 00:00:00 UTC,0.1403218015392627,12960573.341519995,86834.416478026
2024-03-03 00:00:00 UTC,0.13062993680059148,12017155.264416404,55317.22625620201
2024-03-04 00:00:00 UTC,0.1624822430888435,14883903.908054255,529595.2259310674
2024-03-05 00:00:00 UTC,0.17050582826772356,15653657.467158563,218264.60324395914
2024-03-06 00:00:00 UTC,0.18726832514104508,17236725.710974414,486470.4034033312
2024-03-07 00:00:00 UTC,0.18670446880145639,17163803.560869772,133179.7462841583
2024-03-08 00:00:00 UTC,0.2158914668432112,19890941.03929959,550213.9535535327
2024-03-09 00:00:00 UTC,0.2494637229320421,22920613.526411455,502960.51382506394
2024-03-10 00:00:00 UTC,0.23032620178582658,21202079.11949808,206232.2648519862
2024-03-11 00:00:00 UTC,0.22388395875646888,20593176.012855057,224717.4494820211
2024-03-12 00:00:00 UTC,0.20794443379712935,19132733.250494212,157233.91830245085
2024-03-13 00:00:00 UTC,0.26004420633239206,23624390.606874306,472925.9308395587
2024-03-14 00:00:00 UTC,0.3312087623195031,30453847.082618218,1691833.9410698884
2024-03-15 00:00:00 UTC,0.32515287425670353,29912686.807112914,472591.85019840486
2024-03-16 00:00:00 UTC,0.28726302129630127,26460033.00122412,362823.70914748084
2024-03-17 00:00:00 UTC,0.2595760704045407,23878950.18307579,314045.28816797334
2024-03-18 00:00:00 UTC,0.28841174783031026,26534119.338290047,219024.27511365293
2024-03-19 00:00:00 UTC,0.2539400281400912,23366637.24157171,138748.52413475042
2024-03-20 00:00:00 UTC,0.23989133705553692,22083093.985619824,325798.79942178447
2024-03-21 00:00:00 UTC,0.23122221031557705,21279319.84671342,212195.78597366164
2024-03-22 00:00:00 UTC,0.2220185410078641,20425239.127708763,121359.62586642546
2024-03-23 00:00:00 UTC,0.24737786502552603,22515956.082101475,203155.88100494604
2024-03-24 00:00:00 UTC,0.26610885760230363,24476466.92836869,336583.1176944972
2024-03-25 00:00:00 UTC,0.26800510383747556,24609436.19979199,129140.40722774396
2024-03-26 00:00:00 UTC,0.26231114491919966,24097115.10220192,163200.46360497017
2024-03-27 00:00:00 UTC,0.2470955634877817,22705797.747954946,196424.42822405693
2024-03-28 00:00:00 UTC,0.2420408367199541,22231535.36805458,239103.42413306664
2024-03-29 00:00:00 UTC,0.2424992205138262,22305094.295750238,118485.96420987842
2024-03-30 00:00:00 UTC,0.23122281230707176,21270020.226715688,64651.40268445813
2024-03-31 00:00:00 UTC,0.2229836039208886,20512128.11056018,144723.3472282014
2024-04-01 00:00:00 UTC,0.2198063671554368,20216865.279048763,46898.16287587488
2024-04-02 00:00:00 UTC,0.2144239661516357,19744860.527743205,93470.82383400865
2024-04-03 00:00:00 UTC,0.20763778686805184,19099171.768363062,99910.04888905564
2024-04-04 00:00:00 UTC,0.22209513808237027,20449255.529647756,82434.15841785287
2024-04-05 00:00:00 UTC,0.21709148488002142,19992354.81354619,120696.49700197885
2024-04-06 00:00:00 UTC,0.2037134788651817,18800859.471894115,146180.6194193547
2024-04-07 00:00:00 UTC,0.20115183913740295,18533424.41867514,61745.20138629537
2024-04-08 00:00:00 UTC,0.19992291832614179,18409794.095693603,35471.71903555087
2024-04-09 00:00:00 UTC,0.20196530428747453,18579474.872934714,71482.66796509961
2024-04-10 00:00:00 UTC,0.20057877086552037,18430905.933845807,80327.07982368804
2024-04-11 00:00:00 UTC,0.19248673045221618,17676091.854425356,83449.64245438117
2024-04-12 00:00:00 UTC,0.20292922543469652,18661238.157318614,49117.152346834526
2024-04-13 00:00:00 UTC,0.1703351605991176,15696204.76380253,128196.41964022395
2024-04-14 00:00:00 UTC,0.16262520504096772,14937238.26319798,256454.59160659384
2024-04-15 00:00:00 UTC,0.1606273312005008,14738578.571081005,93304.89304130072
2024-04-16 00:00:00 UTC,0.15685973394373173,14367320.928263191,60237.33055609543
2024-04-17 00:00:00 UTC,0.20484864433043756,18831169.872118738,371741.82207341754
2024-04-18 00:00:00 UTC,0.2124474769603291,19529985.840600938,172165.15602801045
2024-04-19 00:00:00 UTC,0.2443541176507556,22476329.25983402,305523.93328899966
2024-04-20 00:00:00 UTC,0.23418490986035648,21566607.636673324,160086.32606692464
2024-04-21 00:00:00 UTC,0.26266034437197905,24160863.496601712,187844.8943178024
2024-04-22 00:00:00 UTC,0.2504526759085845,23020304.242187437,225246.82046587454
2024-04-23 00:00:00 UTC,0.24581331423433647,22588176.208306056,127686.7893886198
2024-04-24 00:00:00 UTC,0.2767925603070502,25309045.652581133,660805.1800908649
2024-04-25 00:00:00 UTC,0.2842345611850758,26143517.020012952,535877.486613631
2024-04-26 00:00:00 UTC,0.2990006650963889,27503341.762369897,490570.8906418652
2024-04-27 00:00:00 UTC,0.2988478353037772,27489283.833715066,258768.3334416612
2024-04-28 00:00:00 UTC,0.27976622939669016,25720757.07673583,643368.6727467432
2024-04-29 00:00:00 UTC,0.29019690077609317,26727527.538515273,205236.66090191982
2024-04-30 00:00:00 UTC,0.2858648586696669,26289972.460847154,129642.24110111655
2024-05-01 00:00:00 UTC,0.27177864103021104,25028821.048277784,186794.41296172957
2024-05-02 00:00:00 UTC,0.2608669365979506,24038234.33301706,129655.33394582514
2024-05-03 00:00:00 UTC,0.2712979666177916,24851890.271873612,93225.77744895575
2024-05-04 00:00:00 UTC,0.2817025083292219,25868233.78348322,149999.85633387163
2024-05-05 00:00:00 UTC,0.2795353136690707,25673992.522062927,55269.811576574044
2024-05-06 00:00:00 UTC,0.2668812966584452,24496371.971613217,100543.4180857659
2024-05-07 00:00:00 UTC,0.26091005453767996,24008111.85377941,90643.91304689902
2024-05-08 00:00:00 UTC,0.24840131788714728,22843252.959939875,66514.3376818002
2024-05-09 00:00:00 UTC,0.23233629829135094,21371978.194799703,146189.9908845892
2024-05-10 00:00:00 UTC,0.23092093484057039,21281635.02626903,77393.82515304205
2024-05-11 00:00:00 UTC,0.20708220579577796,19045421.95669853,117170.67863576092
2024-05-12 00:00:00 UTC,0.21180682968996442,19468251.793238197,34408.64860239843
2024-05-13 00:00:00 UTC,0.20348076451084884,18686572.55228081,38906.037467540584
2024-05-14 00:00:00 UTC,0.20392686949959857,18759207.052088972,64274.75122740194
2024-05-15 00:00:00 UTC,0.20331143098368337,18697104.704856724,54063.15227587016
2024-05-16 00:00:00 UTC,0.22349946683005117,20578924.509534918,236515.63787012608
2024-05-17 00:00:00 UTC,0.2243076468819545,20675056.43348813,111640.324127508
2024-05-18 00:00:00 UTC,0.24233457066425831,22262441.52687697,110763.3871355007
2024-05-19 00:00:00 UTC,0.22669569956975313,20874313.34332139,106268.37469505913
2024-05-20 00:00:00 UTC,0.218032090700475,20105527.398380093,61452.28137937126
2024-05-21 00:00:00 UTC,0.22968444528894352,21127343.627298363,104130.2572785663
2024-05-22 00:00:00 UTC,0.22848011601030252,21009585.926351134,103679.9962417682
2024-05-23 00:00:00 UTC,0.21897112269941635,20129215.480075657,94443.09165352769
2024-05-24 00:00:00 UTC,0.21808904125692916,20140500.720013317,94392.30943156696
2024-05-25 00:00:00 UTC,0.21734390506740156,19986309.58054454,57416.526149687896
2024-05-26 00:00:00 UTC,0.21337087759667253,19589809.65973763,60574.612773378074
2024-05-27 00:00:00 UTC,0.21012005876623646,19329338.775551494,33046.05806526229
2024-05-28 00:00:00 UTC,0.20734082497979608,19062148.886127576,60974.364599525914
2024-05-29 00:00:00 UTC,0.20509620988253172,18866201.55050758,85249.00095889198
2024-05-30 00:00:00 UTC,0.1945894892416243,17903491.215431295,111255.9308426434
2024-05-31 00:00:00 UTC,0.1811864037752631,16663397.028297171,96698.18609624977
2024-06-01 00:00:00 UTC,0.18246730598264135,16795287.63343858,61988.3796492084
2024-06-02 00:00:00 UTC,0.18759706735431048,17229998.22129703,42432.14872393758
2024-06-03 00:00:00 UTC,0.1801270219664638,16566476.357680032,36785.31380542484
2024-06-04 00:00:00 UTC,0.16929355644154953,15566694.67713636,99495.43304187726
2024-06-05 00:00:00 UTC,0.1819417683497231,16701435.827263473,109794.00061343554
2024-06-06 00:00:00 UTC,0.18578164791529192,17093729.767123844,91685.40553467342
2024-06-07 00:00:00 UTC,0.19927331603654475,18321621.20082758,133327.4204900574
2024-06-08 00:00:00 UTC,0.18353201412487266,26017427.360022806,94596.26199783292
2024-06-09 00:00:00 UTC,0.17728904215921837,25224536.835980356,43295.91449006618
2024-06-10 00:00:00 UTC,0.18211770502257835,25916722.774326466,57747.09504607899
2024-06-11 00:00:00 UTC,0.17907636470935837,25448250.17252975,72767.75500217636
2024-06-12 00:00:00 UTC,0.18265411214622237,26753454.15670206,105814.69230045998
2024-06-13 00:00:00 UTC,0.1968931042772086,28870321.509821977,155126.53923074214
2024-06-14 00:00:00 UTC,0.18235201783609095,26742438.25466758,106713.87504107923
2024-06-15 00:00:00 UTC,0.17763348900623718,26016526.531205896,83680.933075371
2024-06-16 00:00:00 UTC,0.17951541917096955,26280121.457078762,25923.357865474383
2024-06-17 00:00:00 UTC,0.1744146921696752,25603562.162999712,40798.90609519748
2024-06-18 00:00:00 UTC,0.17322472344452966,25356717.92495464,69394.78512699415
2024-06-19 00:00:00 UTC,0.1676261483516128,24525223.93158623,108910.9427984383
2024-06-20 00:00:00 UTC,0.1740030557625828,25466333.279767092,82246.44538237638
2024-06-21 00:00:00 UTC,0.17337587085709366,25392940.279717684,66996.63268565253
2024-06-22 00:00:00 UTC,0.17489038726133752,25610401.830853906,62392.48734121462
2024-06-23 00:00:00 UTC,0.17451081259220713,25550513.32703413,37047.855911308536
2024-06-24 00:00:00 UTC,0.1730227324963078,25360624.42342343,45295.28222130631
2024-06-25 00:00:00 UTC,0.16662104514249773,24332482.110137362,93098.25352833187
2024-06-26 00:00:00 UTC,0.16837974861864735,24606184.359148733,719574.5769395852
2024-06-27 00:00:00 UTC,0.16269995406422744,23819751.476525,335026.3182845639
2024-06-28 00:00:00 UTC,0.1890084426582633,27674110.773570277,2565704.8676388753
2024-06-29 00:00:00 UTC,0.17631175054127335,25800723.658119354,261239.50589648343
2024-06-30 00:00:00 UTC,0.17243617169350137,25149977.62590272,70807.96694431503
2024-07-01 00:00:00 UTC,0.18839172663648573,27571452.04855473,112272.97978687745
2024-07-02 00:00:00 UTC,0.1738998281366488,25411531.07868183,303473.21907659096
2024-07-03 00:00:00 UTC,0.17191656658984134,25161925.964500785,73032.59782624293
2024-07-04 00:00:00 UTC,0.16940155839284862,24778048.045407925,107713.89225428365
2024-07-05 00:00:00 UTC,0.16552286693650933,24250226.256739106,78428.06495114317
2024-07-06 00:00:00 UTC,0.1566188994721576,22891689.65734165,210571.39795870258
2024-07-07 00:00:00 UTC,0.15690743393571624,22961681.915602714,111457.53682720085
2024-07-08 00:00:00 UTC,0.15545281649507675,22715748.441502333,84345.51107880584
2024-07-09 00:00:00 UTC,0.15614422506759745,22848767.696070738,84629.93310217235
2024-07-10 00:00:00 UTC,0.15516288074203857,22732518.888512805,77200.71882363215
2024-07-11 00:00:00 UTC,0.15288284365244886,22391337.716260243,62580.12391038967
2024-07-12 00:00:00 UTC,0.1515337531481305,22187665.267750453,54748.97890184306
2024-07-13 00:00:00 UTC,0.14685119457252813,21542667.207678005,173290.72270993155
2024-07-14 00:00:00 UTC,0.1468560381552617,21514716.804900233,82573.07014438852
2024-07-15 00:00:00 UTC,0.15180624313497487,22240465.48876756,64750.33503731999
2024-07-16 00:00:00 UTC,0.15382888369981187,22554212.00953201,86944.91090058704
2024-07-17 00:00:00 UTC,0.15528126300546088,22762681.508486383,55088.57962227909
2024-07-18 00:00:00 UTC,0.15774103688312172,23023490.51175572,93901.97179882012
2024-07-19 00:00:00 UTC,0.1601448028245442,23448408.59550668,78064.46509355302
2024-07-20 00:00:00 UTC,0.1613907615611139,23675438.79282307,64786.12964136072
2024-07-21 00:00:00 UTC,0.159844172120802,23404390.235538885,51593.679377934335
2024-07-22 00:00:00 UTC,0.1579351868963894,23124876.540712,72220.641995779
2024-07-23 00:00:00 UTC,0.15335959305055,22454917.902204845,129791.26719264903
2024-07-24 00:00:00 UTC,0.15305613302786225,22431035.897773057,75015.92301721267
2024-07-25 00:00:00 UTC,0.15242511761092578,22370653.85792885,51239.528192233374
2024-07-26 00:00:00 UTC,0.1493773762469624,21891457.274155803,116373.96785650421
2024-07-27 00:00:00 UTC,0.15107760196410158,22121822.31918681,201007.76856508065
2024-07-28 00:00:00 UTC,0.15463999275530563,22642394.079471547,97324.75799133172
2024-07-29 00:00:00 UTC,0.15781664501963152,23110659.89227661,70562.9842074198
2024-07-30 00:00:00 UTC,0.16090649417251002,23559935.473905176,112353.15507005835
2024-07-31 00:00:00 UTC,0.16115327008692404,23599868.088405512,87863.14131827079
2024-08-01 00:00:00 UTC,0.1633720589140574,23919534.447949573,169144.23113317857
2024-08-02 00:00:00 UTC,0.16444302470965233,24172975.43081832,495702.8237260838
2024-08-03 00:00:00 UTC,0.1563554413577296,22895448.30162362,177274.87951836994
2024-08-04 00:00:00 UTC,0.1545320104626471,22620960.766175758,28880.475911477206
2024-08-05 00:00:00 UTC,0.14726931691371584,21589798.38692426,132645.3328388348
2024-08-06 00:00:00 UTC,0.13201001913703594,19312213.072574146,373458.1663220484
2024-08-07 00:00:00 UTC,0.13470217796687972,19723098.420699824,84728.77840398885
2024-08-08 00:00:00 UTC,0.1396785946700316,20430453.685594738,99936.07842862282
2024-08-09 00:00:00 UTC,0.1416566952153024,20741379.12134908,104867.44519598194
2024-08-10 00:00:00 UTC,0.13919506011456384,20362822.820518084,79652.01047202585
2024-08-11 00:00:00 UTC,0.14075443427357537,20613409.1331809,34575.60931120926
2024-08-12 00:00:00 UTC,0.13884521095916608,20329721.48129475,20668.99262974583
2024-08-13 00:00:00 UTC,0.14245482217715447,20830979.26250266,43373.67111372714
2024-08-14 00:00:00 UTC,0.13962534394317916,20458761.164536472,27761.895628893308
2024-08-15 00:00:00 UTC,0.13888234850435902,20335159.162184533,34694.80608785075
2024-08-16 00:00:00 UTC,0.14053280457859038,20579164.869119573,37445.23761196823
2024-08-17 00:00:00 UTC,0.140003525392667,20499321.928138845,63956.55151149432
2024-08-18 00:00:00 UTC,0.13764228852414473,20215213.62852456,37868.940595573855
2024-08-19 00:00:00 UTC,0.13919351432411997,20372368.061113663,27674.858673557694
2024-08-20 00:00:00 UTC,0.13882597089700793,20317538.953344848,67998.30952009062
2024-08-21 00:00:00 UTC,0.13981307488441067,20482997.637722585,31492.062201905203
2024-08-22 00:00:00 UTC,0.13966505230561727,20474821.357583746,142508.98358619347
2024-08-23 00:00:00 UTC,0.13988904149273443,20482559.19081687,158785.91310359727
2024-08-24 00:00:00 UTC,0.14023702268810714,20526399.4010186,135474.42833028585
2024-08-25 00:00:00 UTC,0.13995299427418606,20501735.820631724,70200.8920263953
2024-08-26 00:00:00 UTC,0.14038841534013874,20589541.209887028,42777.765468297934
2024-08-27 00:00:00 UTC,0.14282204977519963,20902534.991268225,107698.73844760687
2024-08-28 00:00:00 UTC,0.14164375367950224,20756717.264745254,52849.70686504985
2024-08-29 00:00:00 UTC,0.1383772723143149,20352877.1814971,84708.97552202824
2024-08-30 00:00:00 UTC,0.14442941338084625,21145030.736140583,236107.49412481455
2024-08-31 00:00:00 UTC,0.15009766482155315,21980818.20842826,168005.90069571283
2024-09-01 00:00:00 UTC,0.1511292525741273,22128351.358203076,51113.76830421472
2024-09-02 00:00:00 UTC,0.1476669869643312,21634582.02498518,95829.94719451331
2024-09-03 00:00:00 UTC,0.14790023680936337,21629773.659985546,47313.57091126514
2024-09-04 00:00:00 UTC,0.14823933025433986,21747981.29367471,79359.38704086989
2024-09-05 00:00:00 UTC,0.1469437330327955,21525364.02003191,234352.99559359608
2024-09-06 00:00:00 UTC,0.14830960681277913,21713217.081416644,103322.94881048992
2024-09-07 00:00:00 UTC,0.14845104764510778,21739158.128895793,125587.52779337678
2024-09-08 00:00:00 UTC,0.14879226074497173,21779636.846621368,64910.76988562027
2024-09-09 00:00:00 UTC,0.14880594564321023,21759303.59589426,65889.3542388679
2024-09-10 00:00:00 UTC,0.1489801885023436,21819142.309380516,79706.1941855953
2024-09-11 00:00:00 UTC,0.14983433678578442,21938749.73538236,159961.45965161957
2024-09-12 00:00:00 UTC,0.154452958818139,22620434.40657964,196449.67207997342
2024-09-13 00:00:00 UTC,0.1551713127028002,22726247.05003024,133371.24373284477
2024-09-14 00:00:00 UTC,0.1636486046173954,23973002.738038927,144382.9365992231
2024-09-15 00:00:00 UTC,0.16367383394431997,23958525.50929178,63738.88436415054
2024-09-16 00:00:00 UTC,0.17594339341027573,25759218.58972117,441208.6617991531
2024-09-17 00:00:00 UTC,0.17410559083492852,25473892.136008248,184535.12321985976
2024-09-18 00:00:00 UTC,0.18048912447972157,26432411.42126446,157777.19868760803
2024-09-19 00:00:00 UTC,0.19712013159813152,28887104.134178836,552631.5662591981
2024-09-20 00:00:00 UTC,0.2005187689286736,29354648.83030752,257524.6574046633
2024-09-21 00:00:00 UTC,0.20575972530932485,30175599.650768116,269515.61923257716
2024-09-22 00:00:00 UTC,0.22112270706505663,32392550.620337352,223765.1727474593
2024-09-23 00:00:00 UTC,0.2320560651570547,33979777.57300124,364869.79533258436
2024-09-24 00:00:00 UTC,0.2282549625294415,33402445.06782501,218720.65892839376
2024-09-25 00:00:00 UTC,0.2321150940904509,33986301.59344268,167915.1519416317
2024-09-26 00:00:00 UTC,0.2660926373424228,38958194.99928298,834314.3029164233
2024-09-27 00:00:00 UTC,0.28722646217104064,42074402.97060026,970326.8770230573
2024-09-28 00:00:00 UTC,0.26634133558513906,38997709.27637082,1059514.3751065019
2024-09-29 00:00:00 UTC,0.25849528950296735,37852051.37369847,373398.70346790395
2024-09-30 00:00:00 UTC,0.2663213046448978,38899650.735244386,375710.17077838414
2024-10-01 00:00:00 UTC,0.24628846182264294,36110527.636537254,634400.4253535653
2024-10-02 00:00:00 UTC,0.23647369306800864,34616607.43231165,266657.05726258655
2024-10-03 00:00:00 UTC,0.2515175614087258,36827211.65368565,371185.04565356893
2024-10-04 00:00:00 UTC,0.28303408040796935,41456713.27562929,673826.8699288624
2024-10-05 00:00:00 UTC,0.29733790948383315,43543895.187503815,518421.12700310367
2024-10-06 00:00:00 UTC,0.2891127204997401,42326546.57111797,395066.28351332765
2024-10-07 00:00:00 UTC,0.27425964566570943,40157108.56301864,314623.27308924607
2024-10-08 00:00:00 UTC,0.28928848126141427,42357631.287124015,384000.5433236843
2024-10-09 00:00:00 UTC,0.28508895375660276,41756985.424947634,171712.56717443623
2024-10-10 00:00:00 UTC,0.2874112916700765,42082773.11019556,266488.3013332856
2024-10-11 00:00:00 UTC,0.27841407370074606,40750976.5689474,301159.4855069842
2024-10-12 00:00:00 UTC,0.2779405387274486,40679280.96867202,129543.41296200312
2024-10-13 00:00:00 UTC,0.2735829558440106,40021967.68908652,254556.024402429
2024-10-14 00:00:00 UTC,0.2612371665164511,38196940.39752924,181172.7748742987
2024-10-15 00:00:00 UTC,0.2645471748654089,38737222.20683745,396371.54042723536
2024-10-16 00:00:00 UTC,0.2605747671280957,51585705.40416161,206563.92469839743
2024-10-17 00:00:00 UTC,0.2485970294923022,49248437.08712531,274038.401129569
2024-10-18 00:00:00 UTC,0.2543512084807397,50405760.017239295,461442.17585227435
2024-10-19 00:00:00 UTC,0.2464183834366656,48833149.64925564,217584.92102137723
2024-10-20 00:00:00 UTC,0.24353766963586687,48323714.09357481,123499.45837651647
2024-10-21 00:00:00 UTC,0.24202030261306173,47945308.82576556,186106.33232113195
2024-10-22 00:00:00 UTC,0.23912800914593746,47384604.85666805,126980.22513286948
2024-10-23 00:00:00 UTC,0.23311376447881574,46196648.970895365,226724.8659117442
2024-10-24 00:00:00 UTC,0.21976381635492737,43551443.11609565,325764.67203178763
2024-10-25 00:00:00 UTC,0.2221699672032434,44028279.31023025,166173.17474771538
2024-10-26 00:00:00 UTC,0.22123381464943023,43656739.48175448,139901.71159216893
2024-10-27 00:00:00 UTC,0.2288740278980909,45354527.28619326,198671.59775797295
2024-10-28 00:00:00 UTC,0.227737668144681,45075782.54560696,84146.07042400319
2024-10-29 00:00:00 UTC,0.2284905615248444,45281858.4864058,109178.48931559695
2024-10-30 00:00:00 UTC,0.22984163694068901,45634460.63799483,325816.84767689987
2024-10-31 00:00:00 UTC,0.2281511484785134,45184606.64867391,105577.95362134313
2024-11-01 00:00:00 UTC,0.22586636355364142,44750832.636437036,248692.10244753497
2024-11-02 00:00:00 UTC,0.2236113927430236,44314284.010881454,154222.23290384034
2024-11-03 00:00:00 UTC,0.21441413605828874,42490972.98018056,244844.52237767295
2024-11-04 00:00:00 UTC,0.21486370746694822,42589703.71688501,126573.47191696282
2024-11-05 00:00:00 UTC,0.21333964664306812,42274825.30306524,216553.77582186632
2024-11-06 00:00:00 UTC,0.21041690061570822,41698378.79026044,378814.7413226029
2024-11-07 00:00:00 UTC,0.2251346306984756,44618995.18247276,560087.8934620966
2024-11-08 00:00:00 UTC,0.21325628225157495,42275660.24097622,440200.49108324863
2024-11-09 00:00:00 UTC,0.21573847445975747,42753905.38673883,274627.5800863644
2024-11-10 00:00:00 UTC,0.21818491945201748,43176956.25822843,259752.7959716354
2024-11-11 00:00:00 UTC,0.21749025604513858,43111608.72568059,267731.33722203213
2024-11-12 00:00:00 UTC,0.23364564677329572,46443517.72706741,496808.0850123399
2024-11-13 00:00:00 UTC,0.23344870193909187,46347830.280785084,184130.3068481871
2024-11-14 00:00:00 UTC,0.2353678429423167,46664816.14072739,220354.97649813307
2024-11-15 00:00:00 UTC,0.24063706503044038,47679229.83987157,459982.6694953077
2024-11-16 00:00:00 UTC,0.25220098092856885,49978843.06239458,669805.1950758012
2024-11-17 00:00:00 UTC,0.24561171948032193,48583897.46284458,361170.3562378692
2024-11-18 00:00:00 UTC,0.2590184441809116,51229309.99942874,283421.0968510365
2024-11-19 00:00:00 UTC,0.2614941208814033,51815188.25817687,331417.09689467674
2024-11-20 00:00:00 UTC,0.25560973823465977,50675051.41726935,388018.63999257743
2024-11-21 00:00:00 UTC,0.24784206112205226,49082712.61557971,394359.52075522725
2024-11-22 00:00:00 UTC,0.2547782894013491,50359154.61389552,496435.13493727223
2024-11-23 00:00:00 UTC,0.2528680212829213,50126862.48346653,245283.28482138627
2024-11-24 00:00:00 UTC,0.25725849334554396,50945173.569307424,465682.4741270687
2024-11-25 00:00:00 UTC,0.2505374367815784,49649970.16989906,391476.9164676214
2024-11-26 00:00:00 UTC,0.24500163857669513,48516487.88571446,292690.26684454235
2024-11-27 00:00:00 UTC,0.24751256202032723,49067608.64125023,387811.3120467321
2024-11-28 00:00:00 UTC,0.24704352272166472,48933464.25762818,267672.5258832245
2024-11-29 00:00:00 UTC,0.24440176155323953,48433689.56332887,432171.0581572912
2024-11-30 00:00:00 UTC,0.24000255242331744,47548323.35136572,308205.4078595408
2024-12-01 00:00:00 UTC,0.23647087653278157,46864170.87949763,374395.29924268415
2024-12-02 00:00:00 UTC,0.2512478805578405,49795347.45487652,461296.71163661504
2024-12-03 00:00:00 UTC,0.24838409932454042,49275120.95768,399057.71800372354
2024-12-04 00:00:00 UTC,0.24956183241058438,49545182.492003456,210206.7025975584
2024-12-05 00:00:00 UTC,0.25499211327696136,62545554.60267726,329235.5567050597
2024-12-06 00:00:00 UTC,0.2649239814066083,65040058.36874616,405376.8434311972
2024-12-07 00:00:00 UTC,0.26955847321493404,65961845.47073598,370201.9539531435
2024-12-08 00:00:00 UTC,0.2773529627453962,67994633.88420892,376891.93134852836
2024-12-09 00:00:00 UTC,0.277481580106728,68035539.63862184,323612.4041881921
2024-12-10 00:00:00 UTC,0.26113568507106605,64007076.63005622,704088.0310008095
2024-12-11 00:00:00 UTC,0.2575379414432717,63144709.08410697,634574.1256358273
2024-12-12 00:00:00 UTC,0.24664494370584805,60608962.53844686,995851.8541841481
2024-12-13 00:00:00 UTC,0.24598382197018984,60245066.42357842,206365.32646745478
2024-12-14 00:00:00 UTC,0.25128067326082365,61606460.513439395,510040.04129863065
2024-12-15 00:00:00 UTC,0.24995114595389842,61063381.50834973,230364.46912527786
2024-12-16 00:00:00 UTC,0.24725157723850036,60633404.10593572,301973.058635987
2024-12-17 00:00:00 UTC,0.24653975486623614,60537140.939690866,337252.6450384755
2024-12-18 00:00:00 UTC,0.25529995294898783,62701157.26623487,777865.0131530977
2024-12-19 00:00:00 UTC,0.24452264476586613,59970171.35139086,572965.4869358178
2024-12-20 00:00:00 UTC,0.2215659003025415,54318388.78491976,1384547.950629983
2024-12-21 00:00:00 UTC,0.21004833885740143,51527213.04230206,1762298.9892282577
2024-12-22 00:00:00 UTC,0.21125803509468724,51768233.2374796,642903.6873832651
2024-12-23 00:00:00 UTC,0.20792620078699806,50973994.65110926,702628.0377743673
2024-12-24 00:00:00 UTC,0.21120054973085575,51780853.378034204,287216.31156138505
2024-12-25 00:00:00 UTC,0.222367942576958,54463042.130520344,505316.4692294376
2024-12-26 00:00:00 UTC,0.236119070710679,57880224.02991521,498504.7210492231
2024-12-27 00:00:00 UTC,0.23197492704754966,56873224.6115147,444866.8276209714
2024-12-28 00:00:00 UTC,0.26032508526470866,63836081.31071966,1200622.3789188412
2024-12-29 00:00:00 UTC,0.24668435196394636,62405529.10751636,448529.0147659228
2024-12-30 00:00:00 UTC,0.2469284318829115,62443936.609669335,255068.0026968089
2024-12-31 00:00:00 UTC,0.24456798928139287,61838003.05244923,258592.4348817387
2025-01-01 00:00:00 UTC,0.23901683501417825,60500690.14708649,251747.8950359185
2025-01-02 00:00:00 UTC,0.23754574959036465,60081586.5825252,198846.68503285412
2025-01-03 00:00:00 UTC,0.23640774482526508,59803132.373885535,223270.45690456184
2025-01-04 00:00:00 UTC,0.23702324976986647,59959852.75598807,135358.4883843431
2025-01-05 00:00:00 UTC,0.2369914324614671,59958682.272640504,220891.68552327107
2025-01-06 00:00:00 UTC,0.2364807140328037,59860809.456790365,215185.20339158547
2025-01-07 00:00:00 UTC,0.23494573965192778,59427284.10012278,268293.59112396673
2025-01-08 00:00:00 UTC,0.2411075359666193,61012117.98858425,726579.3467110925
2025-01-09 00:00:00 UTC,0.24092020075758697,61017404.58873564,394796.28005302534
2025-01-10 00:00:00 UTC,0.24147633275670524,61117650.34723587,418083.9413563806
2025-01-11 00:00:00 UTC,0.2590304841101815,65440179.0653561,992648.8147386165
2025-01-12 00:00:00 UTC,0.2741328993100851,69346713.59504248,503027.5192038238
2025-01-13 00:00:00 UTC,0.26898199134154316,67997859.22477481,679020.1755491662
2025-01-14 00:00:00 UTC,0.2673015404698975,67552315.61153045,695365.4456463874
2025-01-15 00:00:00 UTC,0.2849256398703062,71924579.4634479,761604.8621010804
2025-01-16 00:00:00 UTC,0.33382637934346754,84283641.27346067,3341336.271145265
2025-01-17 00:00:00 UTC,0.32192821566862356,81349328.45065549,1046808.4141362008
2025-01-18 00:00:00 UTC,0.342258347882253,86105865.08442238,1041400.2539390682
2025-01-19 00:00:00 UTC,0.3415038564894289,86380128.66364233,1112383.0449194983
2025-01-20 00:00:00 UTC,0.3293957969627663,83284744.33149366,774103.1974626731
2025-01-21 00:00:00 UTC,0.34506582345891684,87200666.9953089,1741764.728529626
2025-01-22 00:00:00 UTC,0.34596878541093257,87350456.72979318,718317.8518054851
2025-01-23 00:00:00 UTC,0.3442436735298384,87366321.40922284,214238.3242568018
2025-01-24 00:00:00 UTC,0.3495850654596027,88418798.13676417,717834.2038304178
2025-01-25 00:00:00 UTC,0.3593146460519593,90712189.27660455,1654582.2267193475
2025-01-26 00:00:00 UTC,0.3709441122719747,93787157.37753125,1036432.832048357
2025-01-27 00:00:00 UTC,0.36408911454852055,92062132.75438686,349351.1353372156
2025-01-28 00:00:00 UTC,0.36150733910696375,91407730.29436673,1552277.4769236303
2025-01-29 00:00:00 UTC,0.36168848871740644,91518419.84267543,841321.0733625646
2025-01-30 00:00:00 UTC,0.35492365209506793,89803117.92703429,634033.9588137254
2025-01-31 00:00:00 UTC,0.3485543057653009,88121405.95675634,431918.00302308187
2025-02-01 00:00:00 UTC,0.347173018426462,87813973.51100232,358462.9535757127
2025-02-02 00:00:00 UTC,0.34372578361987066,86969660.87599714,616095.1721264021
2025-02-03 00:00:00 UTC,0.33082569441276016,83677151.64689748,1012652.0762328495
2025-02-04 00:00:00 UTC,0.3234512568986706,81822903.03887437,1335900.3831678804
2025-02-05 00:00:00 UTC,0.2922021505560795,73915907.17568117,1014607.739401268
2025-02-06 00:00:00 UTC,0.2915689962985568,73600170.12685797,356013.263807258
2025-02-07 00:00:00 UTC,0.28147020351762225,71160705.16597554,526859.9727973716
2025-02-08 00:00:00 UTC,0.3000718411987717,75736862.29412052,599942.8723773418
2025-02-09 00:00:00 UTC,0.30298628640641784,76631174.27882771,141446.24528854532
2025-02-10 00:00:00 UTC,0.3077650170294238,77797128.05223402,240751.62512180125
2025-02-11 00:00:00 UTC,0.31315284054496073,79209434.36337353,359395.92936532793
2025-02-12 00:00:00 UTC,0.3120306126091453,78926882.43571459,447303.57719384535
2025-02-13 00:00:00 UTC,0.30505922791250717,88336444.05549526,1354777.9463878355
2025-02-14 00:00:00 UTC,0.30108845048022287,87393418.0605599,220522.79107847708
2025-02-15 00:00:00 UTC,0.3046374197438603,88182374.4384793,304474.4799042287
2025-02-16 00:00:00 UTC,0.30590984247944714,88577421.37977102,224501.59446005913
2025-02-17 00:00:00 UTC,0.3064966714392771,88758860.41238518,207619.55883653817
2025-02-18 00:00:00 UTC,0.3033641713480005,87849024.71159667,241824.253377071
2025-02-19 00:00:00 UTC,0.2989867012154049,86624851.59989461,906297.5191844878
2025-02-20 00:00:00 UTC,0.3008818790943133,95440784.76655735,271471.37646210333
2025-02-21 00:00:00 UTC,0.3100078703977919,98326942.68054387,443702.5621957301
2025-02-22 00:00:00 UTC,0.30581529058953644,96988129.15316887,541730.8931684154
2025-02-23 00:00:00 UTC,0.3108748636421184,98634708.19441202,331373.27369607595
2025-02-24 00:00:00 UTC,0.3089272114448801,98007575.05003776,227303.63687556982
2025-02-25 00:00:00 UTC,0.29037208684301685,92465890.14504339,544399.0389720657
2025-02-26 00:00:00 UTC,0.2528992176436667,80186853.3479753,2407625.760105848
2025-02-27 00:00:00 UTC,0.29115758430575667,92360284.02139735,2017519.153221711
2025-02-28 00:00:00 UTC,0.29805873222326157,94540729.19996318,1361816.8474331647
2025-03-01 00:00:00 UTC,0.32799175720478685,103387271.25017937,3132199.315233136
2025-03-02 00:00:00 UTC,0.3220308599614799,102167182.28697565,528399.4215671483
2025-03-03 00:00:00 UTC,0.3295489906187059,104424294.38595334,1139166.5916384708
2025-03-04 00:00:00 UTC,0.32771187495946,103870378.93496048,866745.8124864633
2025-03-05 00:00:00 UTC,0.32405083261015494,102739833.54713646,2650957.642698712
2025-03-06 00:00:00 UTC,0.33710425280129946,106889776.58939603,1270271.1033743846
2025-03-07 00:00:00 UTC,0.3391771800618904,107490378.26540199,616080.5053973694
2025-03-08 00:00:00 UTC,0.328673379949688,104185221.53157808,532106.8086280987
2025-03-09 00:00:00 UTC,0.32066059335693625,101712938.81188753,285253.169855457
2025-03-10 00:00:00 UTC,0.3184279630228001,100961085.39821117,656243.3222492639
2025-03-11 00:00:00 UTC,0.28944762330052065,91636230.10418786,1301956.130405362
2025-03-12 00:00:00 UTC,0.2671324307627348,84727705.20007682,1657150.3941618314
2025-03-13 00:00:00 UTC,0.2608660661096064,82737450.98989713,450514.4039805276
2025-03-14 00:00:00 UTC,0.2596575399856196,82347966.48057625,234640.56786508247
2025-03-15 00:00:00 UTC,0.2609565479068787,82789547.28138328,277823.4937900265
2025-03-16 00:00:00 UTC,0.2614820173722757,82963155.10344422,267544.37805858627
2025-03-17 00:00:00 UTC,0.26151879171784714,82899433.95406082,179214.09775973472
2025-03-18 00:00:00 UTC,0.2598597215321675,82386572.10554825,233048.40025560284
2025-03-19 00:00:00 UTC,0.25608993671805297,81311447.50022754,177152.80320984707
2025-03-20 00:00:00 UTC,0.25354308619573984,80377199.6851048,292160.3733909832
2025-03-21 00:00:00 UTC,0.25393285739547694,80592151.69361407,308676.29778539325
2025-03-22 00:00:00 UTC,0.250139128588505,79291709.91437326,578033.3723276311
2025-03-23 00:00:00 UTC,0.2515642704380743,79779766.61940292,397412.2205918414
2025-03-24 00:00:00 UTC,0.25020796744808677,79377313.50243306,70433.86691135993
2025-03-25 00:00:00 UTC,0.24701263860400707,78338419.31608845,395606.61152369966
2025-03-26 00:00:00 UTC,0.24855992987323505,78887459.39998992,172808.06950697282
2025-03-27 00:00:00 UTC,0.2503513374923167,79388274.26122223,691604.3081398193
2025-03-28 00:00:00 UTC,0.260303100487628,82563227.16342644,379534.1889285474
2025-03-29 00:00:00 UTC,0.25532256943267134,80979250.73234479,396302.52155102073
2025-03-30 00:00:00 UTC,0.2511102426856553,79619525.4429594,158581.71076011975
2025-03-31 00:00:00 UTC,0.24968665129842438,79205098.30519824,214729.68916496477
2025-04-01 00:00:00 UTC,0.2595412222658381,82324201.9882697,621158.4233708929
2025-04-02 00:00:00 UTC,0.26150551396694977,83079513.23829883,291130.6201475864
2025-04-03 00:00:00 UTC,0.25050975061668046,79417082.9074598,329766.28614314855
2025-04-04 00:00:00 UTC,0.23960067178957015,76476702.97085151,507044.31775643426
2025-04-05 00:00:00 UTC,0.23953103142066526,75970305.84538035,213644.38766553072
2025-04-06 00:00:00 UTC,0.23742881047321368,75276044.24180703,162424.2422944817
2025-04-07 00:00:00 UTC,0.2287636461188325,72534377.43246718,624166.9808608403
2025-04-08 00:00:00 UTC,0.21483028509965602,68213365.78902121,1230474.479061584
2025-04-09 00:00:00 UTC,0.2061792833538996,65392745.81025007,645744.3008309848
2025-04-10 00:00:00 UTC,0.19645703420533528,62200723.43607623,1850385.134003053
2025-04-11 00:00:00 UTC,0.19578024148898382,62099826.89822043,1002784.2441372359
2025-04-12 00:00:00 UTC,0.20158268709045093,63936489.49261878,417362.03230284306
2025-04-13 00:00:00 UTC,0.2019966486389834,64109159.26823071,192673.46510467085
2025-04-14 00:00:00 UTC,0.20039468507286182,63469947.091835774,200649.87671678432
2025-04-15 00:00:00 UTC,0.20407874279877788,64727569.64347009,386147.5556033686
2025-04-16 00:00:00 UTC,0.20054794965524703,63630840.9940284,209724.86048391202
2025-04-17 00:00:00 UTC,0.19260652394123054,61049865.14970115,467630.2871336683
2025-04-18 00:00:00 UTC,0.20027345537373706,63491054.50300886,525995.4134666444
2025-04-19 00:00:00 UTC,0.20711056007470938,65664202.38884696,279850.5880834804
2025-04-20 00:00:00 UTC,0.21261276058187423,67499099.2201053,295428.7782995865
2025-04-21 00:00:00 UTC,0.2124351715736357,67377664.66349708,167188.8342444735
2025-04-22 00:00:00 UTC,0.21067221217158058,66819361.05052158,249104.85325999995
2025-04-23 00:00:00 UTC,0.21975772163446322,69694609.46517508,406186.734430112
2025-04-24 00:00:00 UTC,0.22506120511807373,71383391.6863491,364382.79829844355
2025-04-25 00:00:00 UTC,0.22656054630225864,71854764.88523087,441352.3161043195
2025-04-26 00:00:00 UTC,0.22551978194355593,71524277.05954894,261758.7861897214
2025-04-27 00:00:00 UTC,0.2329985439858228,73895945.71047004,423652.8950478403
2025-04-28 00:00:00 UTC,0.2287710323100255,72421001.19883189,200950.60410973243
2025-04-29 00:00:00 UTC,0.22090759063124538,70058876.27410534,194530.718428848
2025-04-30 00:00:00 UTC,0.2145440583527923,68045874.22141069,308589.02348586894
2025-05-01 00:00:00 UTC,0.2122197257462744,67290461.3094382,184347.98581727524
2025-05-02 00:00:00 UTC,0.21291640489212296,67520738.58053151,192491.83673879714
2025-05-03 00:00:00 UTC,0.22823961306852258,72387273.12599486,430517.2412701328
2025-05-04 00:00:00 UTC,0.23044443911060605,73327133.57983124,132009.42465686856
2025-05-05 00:00:00 UTC,0.2344651572741216,74320888.41114959,247900.49114159192
2025-05-06 00:00:00 UTC,0.2321512121737964,73632130.63651317,312627.8289964112
2025-05-07 00:00:00 UTC,0.23649441464338408,75021134.8892038,252003.16913065163
2025-05-08 00:00:00 UTC,0.23329893189966094,73990237.03236571,195788.75617638903
2025-05-09 00:00:00 UTC,0.24011480662852405,76291843.84914866,604136.5680762605
2025-05-10 00:00:00 UTC,0.24388957422938945,77386420.40942591,634814.6845150616
2025-05-11 00:00:00 UTC,0.2447746400423344,77633815.19025573,472415.11251521413
2025-05-12 00:00:00 UTC,0.24551619116741488,77871468.50252625,362810.1379162745
2025-05-13 00:00:00 UTC,0.23752008936782382,75333039.02036446,450856.5350600669
2025-05-14 00:00:00 UTC,0.2254407261608687,71501791.41583079,644719.3996288488
2025-05-15 00:00:00 UTC,0.22528109754727502,71444652.68228419,217036.78213790417
2025-05-16 00:00:00 UTC,0.21550155067142962,68352206.97393478,560451.7938162384
2025-05-17 00:00:00 UTC,0.21479072567370844,68121874.67099862,262515.07498096384
2025-05-18 00:00:00 UTC,0.2214743490955323,70241193.99002667,415916.2877742667
2025-05-19 00:00:00 UTC,0.21587056247621464,68466475.3426878,253912.05642070837
2025-05-20 00:00:00 UTC,0.21525891497245597,68274153.28995301,267440.9844634332
2025-05-21 00:00:00 UTC,0.21541450283376953,68351774.90825172,359024.6219514412
2025-05-22 00:00:00 UTC,0.2164043199632693,68635764.26011689,253296.24907990958
2025-05-23 00:00:00 UTC,0.21602830926339195,68534340.04954621,343205.0700374293
2025-05-24 00:00:00 UTC,0.20004832711731374,63455847.29631747,652072.0685823632
2025-05-25 00:00:00 UTC,0.19950160806641842,63269682.286792114,204301.9592295309
2025-05-26 00:00:00 UTC,0.18860415545303308,59818539.45591284,556480.3186687283
2025-05-27 00:00:00 UTC,0.18740743675591026,59435358.25492965,613137.0534843086
2025-05-28 00:00:00 UTC,0.19572401254219146,62076689.7817702,312099.8134714098
2025-05-29 00:00:00 UTC,0.19611457901985588,62172008.87137499,447281.6331341374
2025-05-30 00:00:00 UTC,0.19581443866230833,62105385.202266224,613253.0361814231
2025-05-31 00:00:00 UTC,0.1891457940403651,60027602.98749415,316918.8995708842
2025-06-01 00:00:00 UTC,0.18914565174064144,59985868.51209129,339746.22146477096
2025-06-02 00:00:00 UTC,0.18965086336390513,60150519.45739701,175435.38995685297
2025-06-03 00:00:00 UTC,0.19029392883241109,60323087.802787334,446137.7354739828
2025-06-04 00:00:00 UTC,0.18966064698213783,60141913.78415574,299210.7092117904
2025-06-05 00:00:00 UTC,0.190063043062159,60265151.26576087,258235.89538250212
2025-06-06 00:00:00 UTC,0.1894901591273039,60097159.83379595,310355.8005271375
2025-06-07 00:00:00 UTC,0.1901826674906354,60326292.25384466,238499.02988357362
2025-06-08 00:00:00 UTC,0.18958696051819213,60130250.316293806,258704.47549028703
2025-06-09 00:00:00 UTC,0.1922979625650339,60996551.36454163,208933.88588873262
2025-06-10 00:00:00 UTC,0.20256216620977027,64245524.721281834,426763.37185794424
2025-06-11 00:00:00 UTC,0.21555742596245142,68388652.97857796,570964.4151706779
2025-06-12 00:00:00 UTC,0.21391530324602157,67846312.84560512,526277.7829270764
2025-06-13 00:00:00 UTC,0.20658540189034852,65535573.651938885,428915.8054430659
2025-06-14 00:00:00 UTC,0.1880987751905749,59671399.27679484,636879.931230472
2025-06-15 00:00:00 UTC,0.1820287075784562,57736354.59057648,599177.2033552057
2025-06-16 00:00:00 UTC,0.18884014040322072,59876913.241411984,266783.00988093496
2025-06-17 00:00:00 UTC,0.19462186269031534,61638818.44342184,247009.38028452924
2025-06-18 00:00:00 UTC,0.1881706829654116,59679391.14472763,351276.1264658716
2025-06-19 00:00:00 UTC,0.18693211968423015,59286841.677863084,322215.24668446457
2025-06-20 00:00:00 UTC,0.18692872121772994,59276102.561805986,270079.8557632172
2025-06-21 00:00:00 UTC,0.18606396414380363,59028458.3484882,179250.86984445504
2025-06-22 00:00:00 UTC,0.18366656913027316,58265860.177962236,205260.01414690758
2025-06-23 00:00:00 UTC,0.17326121190207425,54958421.16885033,835452.777328115
2025-06-24 00:00:00 UTC,0.17496778220527553,55490909.121317916,513311.6694253305
2025-06-25 00:00:00 UTC,0.16759398236222048,53160733.607174784,959687.3098607856
2025-06-26 00:00:00 UTC,0.1680641810110279,53297505.18704594,2043500.13953502
2025-06-27 00:00:00 UTC,0.16032943606544892,50850802.69937965,2883791.940111458
2025-06-28 00:00:00 UTC,0.15747442356181032,49910683.66713942,518453.1685745757
2025-06-29 00:00:00 UTC,0.16111290383880417,51073446.69765907,601310.3145558123
2025-06-30 00:00:00 UTC,0.16236976158670008,51418656.262203254,813283.9486099443
2025-07-01 00:00:00 UTC,0.14594074081669728,46357711.02755533,666117.1024869136
2025-07-02 00:00:00 UTC,0.1471574991671021,46642480.039307356,1434659.6698254456
2025-07-03 00:00:00 UTC,0.14899471851518975,47299641.05795719,311532.8535600247
2025-07-04 00:00:00 UTC,0.16543201672347338,52531909.828857444,1153068.0646442692
2025-07-05 00:00:00 UTC,0.17881769609374876,56658641.68574398,1133958.576628532
2025-07-06 00:00:00 UTC,0.17959380995562685,56923055.22260474,538875.4035484723
2025-07-07 00:00:00 UTC,0.17920491611733458,56823134.00468999,424083.1055175871
2025-07-08 00:00:00 UTC,0.176886432122099,56102093.79372012,787486.722959333
2025-07-09 00:00:00 UTC,0.17396280178983767,55202078.07455429,762498.0022503554
2025-07-10 00:00:00 UTC,0.1692743944733046,53678389.581862316,592862.8747428767
2025-07-11 00:00:00 UTC,0.1790499142125493,56783993.36851956,1156509.823464497
2025-07-12 00:00:00 UTC,0.18011798670486806,57115275.6825267,481708.6977025759
2025-07-13 00:00:00 UTC,0.1799538265663049,57080208.73013819,497945.70068733336
2025-07-14 00:00:00 UTC,0.17942821870488251,56896046.94951943,437786.90822969005
2025-07-15 00:00:00 UTC,0.18395260823360615,58350820.14882995,561855.6784662207
2025-07-16 00:00:00 UTC,0.19036357837146853,60376565.91621679,833335.2145449322
2025-07-17 00:00:00 UTC,0.18395566553130396,58330130.789548576,914453.2416889891
2025-07-18 00:00:00 UTC,0.1717245652213909,54497158.63402439,860809.304816245
2025-07-19 00:00:00 UTC,0.16929812621746912,53672847.05414303,474009.08736290433
2025-07-20 00:00:00 UTC,0.16907098930116016,53608251.24757904,330000.1987139567
2025-07-21 00:00:00 UTC,0.17142626108226178,54403898.07635151,257386.20472506847
2025-07-22 00:00:00 UTC,0.17050697652817282,54020836.59703059,366037.4241990325
2025-07-23 00:00:00 UTC,0.16963764057356207,53974462.88289101,419819.1775926917
2025-07-24 00:00:00 UTC,0.16214531953978162,51448013.1971823,367204.90091921
2025-07-25 00:00:00 UTC,0.16315879004330328,51748454.43945197,349469.1733402342
2025-07-26 00:00:00 UTC,0.16732754199038086,53040562.115674965,290399.0595013184
2025-07-27 00:00:00 UTC,0.16470747720756151,52238469.44742656,301396.82196579984
2025-07-28 00:00:00 UTC,0.16586614540711056,52592431.41819924,293590.4187790579
2025-07-29 00:00:00 UTC,0.16461154696884253,52214503.386646196,287403.31478486164
2025-07-30 00:00:00 UTC,0.15399002308874984,48855558.340722635,749210.4649399964
2025-07-31 00:00:00 UTC,0.15561657145661723,49388008.92469613,475994.57134003844
2025-08-01 00:00:00 UTC,0.15718631805698424,49808648.19388388,467848.4109294213
2025-08-02 00:00:00 UTC,0.14613982172152734,46353430.554165766,526350.9769653112
2025-08-03 00:00:00 UTC,0.14616460573536302,46357374.4372032,377593.62109154154
2025-08-04 00:00:00 UTC,0.14928171585692276,47357950.32123021,830254.2740125186
2025-08-05 00:00:00 UTC,0.15168765555294084,48105775.16629367,1389827.9749335756
2025-08-06 00:00:00 UTC,0.1392335198729803,44213288.83295497,1267960.8858589374
2025-08-07 00:00:00 UTC,0.14195623655458675,45023482.92996939,557544.7348738449
2025-08-08 00:00:00 UTC,0.1481979964360505,46975275.50150386,1047881.7674103393
2025-08-09 00:00:00 UTC,0.1533509155513969,48640673.2144695,756817.3661215693
2025-08-10 00:00:00 UTC,0.15008778966444988,47603687.77169036,586114.7123337481
2025-08-11 00:00:00 UTC,0.1558801966907666,49469045.15470922,528002.3982975442
2025-08-12 00:00:00 UTC,0.17515532080542331,55568443.07428822,2036056.201194443
2025-08-13 00:00:00 UTC,0.17168815778366117,54444876.168237716,1412439.4167100836
2025-08-14 00:00:00 UTC,0.17239184389229828,54673287.15392982,1890153.1088585274
2025-08-15 00:00:00 UTC,0.16746068223166516,53109100.117611185,616812.5391697624
2025-08-16 00:00:00 UTC,0.15637570248021462,49586046.70165261,583596.6616281532
2025-08-17 00:00:00 UTC,0.1569943434251207,49816816.996280655,202135.96354656867
2025-08-18 00:00:00 UTC,0.1539728774467855,48834380.3092213,323806.6338130435
2025-08-19 00:00:00 UTC,0.15116173924759183,47943885.218488045,392429.55871719355
2025-08-20 00:00:00 UTC,0.1473805764271965,46744040.88431142,605871.6680020519
2025-08-21 00:00:00 UTC,0.14374863678509184,45590301.0318627,399666.5486419636
2025-08-22 00:00:00 UTC,0.14528735368125054,46076026.43409548,466867.68316317064
2025-08-23 00:00:00 UTC,0.16129096472607501,51144663.597304635,333264.5186085647
2025-08-24 00:00:00 UTC,0.14924579825396309,47342839.30200195,321046.4829145811
2025-08-25 00:00:00 UTC,0.15079789982759062,47858844.4586806,305883.107282101
2025-08-26 00:00:00 UTC,0.14261683138058542,45241030.437722474,360858.86367893114
2025-08-27 00:00:00 UTC,0.1464285934964718,46453041.56551965,208368.52265256605
2025-08-28 00:00:00 UTC,0.1495226377979638,47416968.16892137,227223.57686106616
2025-08-29 00:00:00 UTC,0.14382432488997038,45604011.30409375,247528.25381701207
2025-08-30 00:00:00 UTC,0.14201571208220765,45042321.87367106,216710.78160625813
2025-08-31 00:00:00 UTC,0.14358138123629854,45534077.431156024,154625.55488183795
2025-09-01 00:00:00 UTC,0.14129926234905316,44826671.11709615,155921.11857751556
2025-09-02 00:00:00 UTC,0.1430440881292789,45326082.82123564,314302.04439778713
2025-09-03 00:00:00 UTC,0.15042169431114946,47676048.11886067,291059.48061764357
2025-09-04 00:00:00 UTC,0.15184481611919615,48151868.69745939,506235.38754571514
2025-09-05 00:00:00 UTC,0.1537406448292422,48653932.8232265,403278.7432226113
2025-09-06 00:00:00 UTC,0.15419228702624138,48886924.17804592,461427.6792767829
2025-09-07 00:00:00 UTC,0.16141936616794528,51230805.967086256,352199.1631866709
2025-09-08 00:00:00 UTC,0.168422200700161,53401597.65636203,516312.4923375025
2025-09-09 00:00:00 UTC,0.1587235313960327,50340971.40194485,788361.2527083125
2025-09-10 00:00:00 UTC,0.15332661468402387,48629756.47639862,387193.90187021176
2025-09-11 00:00:00 UTC,0.16156715608648442,51264730.39762425,323761.53654241835
2025-09-12 00:00:00 UTC,0.1786061679233733,56658001.02306425,739839.0298813669
2025-09-13 00:00:00 UTC,0.17860080781615997,56654883.097635694,415630.5076648794
2025-09-14 00:00:00 UTC,0.1712844148437831,54296837.290929206,531739.2171257784
2025-09-15 00:00:00 UTC,0.1810668753225848,57512065.5101501,83046.16922844233
2025-09-16 00:00:00 UTC,0.18664879632594622,59224606.43773874,631913.6948682381
2025-09-17 00:00:00 UTC,0.18940014725482135,60070999.78419927,639167.5526255224
2025-09-18 00:00:00 UTC,0.20216977375133996,64025701.19065421,489926.51192911447
2025-09-19 00:00:00 UTC,0.19364889195005722,61420562.05537517,650478.5792362514
2025-09-20 00:00:00 UTC,0.20600632112478803,65418909.393618956,681008.995608675
2025-09-21 00:00:00 UTC,0.20333196224617878,64500630.77900898,452778.550858571
2025-09-22 00:00:00 UTC,0.18913025172798373,59964044.42451968,418518.3521159483
2025-09-23 00:00:00 UTC,0.17884653576235188,56698128.521083914,659130.0892418468
2025-09-24 00:00:00 UTC,0.18415926647151276,58477656.566491194,442025.64491411066
2025-09-25 00:00:00 UTC,0.18188865168625623,57699208.48251579,284253.4054703881
2025-09-26 00:00:00 UTC,0.16875370427536848,53522401.6606804,466159.05081010715
2025-09-27 00:00:00 UTC,0.17193982193971888,54525280.846565634,443430.7768494201
2025-09-28 00:00:00 UTC,0.17048454511042735,54136349.6816551,337713.22592992213
2025-09-29 00:00:00 UTC,0.16183625782117694,51352025.96308804,239012.5985673185
2025-09-30 00:00:00 UTC,0.15861070959434903,50270847.138065346,403036.49602210027
2025-10-01 00:00:00 UTC,0.15656373774778706,49724036.89410269,560803.1266174365
2025-10-02 00:00:00 UTC,0.15979836467324088,50675928.07770235,515711.8080683445
2025-10-03 00:00:00 UTC,0.1564900577668115,49614185.809950635,193614.11859506238
2025-10-04 00:00:00 UTC,0.1498020287845202,47592245.086877406,267525.747708962
2025-10-05 00:00:00 UTC,0.15384982702041702,48796851.2983677,336620.1836621253
2025-10-06 00:00:00 UTC,0.1586158917282258,50307327.295566715,393510.4057608043
2025-10-07 00:00:00 UTC,0.17062493967887904,54129097.115532495,827850.5615526984
2025-10-08 00:00:00 UTC,0.16291389774870435,51670725.65946185,357065.5957310966
2025-10-09 00:00:00 UTC,0.15974983161626657,50656468.612201445,300457.23144626414
2025-10-10 00:00:00 UTC,0.15528631217211433,49256502.26919654,360457.5209408565
2025-10-11 00:00:00 UTC,0.13659212139881788,43683979.43877,933355.0368775236
2025-10-12 00:00:00 UTC,0.11850583513010385,37608726.041604914,1298259.1431372422
2025-10-13 00:00:00 UTC,0.13176855848149252,41758624.06427503,974216.3086106379
2025-10-14 00:00:00 UTC,0.13950845070276108,44162534.93299852,369001.5019080499
2025-10-15 00:00:00 UTC,0.15167257291430172,48097735.43041814,320771.2726310912
2025-10-16 00:00:00 UTC,0.14465526589165578,45878905.09922748,302815.1992712962
2025-10-17 00:00:00 UTC,0.12852647808480572,40819846.815204754,562322.3268297449
2025-10-18 00:00:00 UTC,0.1273753807439215,40425560.390917696,598396.4415693452
2025-10-19 00:00:00 UTC,0.13586684154477213,43077203.7151057,358984.4947817704
2025-10-20 00:00:00 UTC,0.13423416866296836,42575943.71206108,319721.22045150324
2025-10-21 00:00:00 UTC,0.12624361948649035,40081935.24535727,366291.55639919237
2025-10-22 00:00:00 UTC,0.13252756621545214,58121050.10514697,548016.6925922014
2025-10-23 00:00:00 UTC,0.1340233679359215,58808502.533009574,568659.5290837764
2025-10-24 00:00:00 UTC,0.13282871025942863,58282333.580131516,366799.3649598036
2025-10-25 00:00:00 UTC,0.13268194152314058,58216561.9699093,216715.0746419427
2025-10-26 00:00:00 UTC,0.13377217166541155,58702634.88339092,154072.92050901774
2025-10-27 00:00:00 UTC,0.13337336890922588,58512181.97868848,226560.2482733109
2025-10-28 00:00:00 UTC,0.13277273913077126,58273891.81648465,192257.87248031903
2025-10-29 00:00:00 UTC,0.13000509361325538,57072463.950482175,297314.46496765764
2025-10-30 00:00:00 UTC,0.1278663305652036,56104926.84424917,448020.12183394853
2025-10-31 00:00:00 UTC,0.12261963465996953,53802791.19013256,376399.46002735046
2025-11-01 00:00:00 UTC,0.12293041667079341,53940557.49018612,366886.4791335525
2025-11-02 00:00:00 UTC,0.12571317722457692,55124198.990076065,348547.89962249907
2025-11-03 00:00:00 UTC,0.12274153063447178,53864704.59221363,188723.86148884043
2025-11-04 00:00:00 UTC,0.11467541629415576,50147656.42389672,520987.75591078255
2025-11-05 00:00:00 UTC,0.12459506985363096,54712410.30362213,936664.7682880405
2025-11-06 00:00:00 UTC,0.12531879676879032,55087233.64896412,807651.8033894628
2025-11-07 00:00:00 UTC,0.12713230617593146,55809879.878809504,759937.8324531271
2025-11-08 00:00:00 UTC,0.13146988278499402,57686086.84951988,802416.3707041236
2025-11-09 00:00:00 UTC,0.1303568591767864,57200972.33164813,498054.8978527704
2025-11-10 00:00:00 UTC,0.13483851290747187,59108730.18093712,662480.3052877376
2025-11-11 00:00:00 UTC,0.15816250090570924,69435949.30338673,1691849.7472349412
2025-11-12 00:00:00 UTC,0.16036143098457448,70343062.89530794,966545.8264127704
2025-11-13 00:00:00 UTC,0.15331829961870228,67229372.08233832,868911.2940775383
2025-11-14 00:00:00 UTC,0.1497878742231648,65686297.0555215,809244.4902492652
2025-11-15 00:00:00 UTC,0.14051703468980184,61645084.1239404,700003.6297544476
2025-11-16 00:00:00 UTC,0.14814139132784515,65001161.29938823,735201.3817773967
2025-11-17 00:00:00 UTC,0.14050809826208827,61659179.3050767,817555.0260792098
2025-11-18 00:00:00 UTC,0.13498905831182964,59233211.38119378,606287.7943892608
2025-11-19 00:00:00 UTC,0.1455396880972076,63881372.6815675,395318.05982896645
2025-11-20 00:00:00 UTC,0.1423181515654718,62458763.795839794,453965.0186191031
2025-11-21 00:00:00 UTC,0.14079178464060932,61815101.74880518,433896.27078830055
2025-11-22 00:00:00 UTC,0.13656984888747983,59923405.83213963,1161789.4495957154
2025-11-23 00:00:00 UTC,0.13451714616359778,58978815.67016117,503335.9123395196
2025-11-24 00:00:00 UTC,0.13911221472546534,61019887.44962005,667773.3113029528
2025-11-25 00:00:00 UTC,0.1363286876369967,59981920.968133874,609334.0285468884
2025-11-26 00:00:00 UTC,0.1503587375049635,65976387.53551138,677576.0976788274
2025-11-27 00:00:00 UTC,0.1486770504812914,65287630.027421795,1044423.2048923264
2025-11-28 00:00:00 UTC,0.14713402313552723,64516463.66403074,500801.09923590434
2025-11-29 00:00:00 UTC,0.14948895848041918,65592457.852903806,447661.2103021957
2025-11-30 00:00:00 UTC,0.14784982527053586,64944631.92250401,393649.287294785
2025-12-01 00:00:00 UTC,0.14910385442285676,65469944.55019787,411654.140054116
2025-12-02 00:00:00 UTC,0.13596453632099087,59576287.33627209,513174.9924799963
2025-12-03 00:00:00 UTC,0.13749482994923667,60329698.79575566,391534.34250141465
2025-12-04 00:00:00 UTC,0.14510627128397066,63669397.33585889,697313.4123403656
2025-12-05 00:00:00 UTC,0.1416371858672671,62148709.07196434,330558.21675330045
2025-12-06 00:00:00 UTC,0.14131647238664352,62003767.338184476,303320.41860528436
2025-12-07 00:00:00 UTC,0.13903852593861402,61006265.254754744,261689.86388708436
2025-12-08 00:00:00 UTC,0.14122582141180498,61961367.15205212,397288.32005276124
2025-12-09 00:00:00 UTC,0.14371757956944203,63062658.25536952,336972.7569138461
2025-12-10 00:00:00 UTC,0.14759301448216042,64775166.44583712,557799.7399570992
2025-12-11 00:00:00 UTC,0.14774158760672745,64831361.764743626,410595.90633560746
2025-12-12 00:00:00 UTC,0.1481225901497635,65005420.228694834,381916.67139225325
2025-12-13 00:00:00 UTC,0.13946758534297726,61166345.764576666,562118.6072073862
2025-12-14 00:00:00 UTC,0.14187716079042015,62245829.73259659,257248.9743707554
2025-12-15 00:00:00 UTC,0.13575998223444155,59568499.65283967,255796.1525251639
2025-12-16 00:00:00 UTC,0.13007588518118063,57095163.565343276,534364.9349049659
2025-12-17 00:00:00 UTC,0.1331047693051146,58423989.72885517,647455.534595454
2025-12-18 00:00:00 UTC,0.1328478793906148,58308165.55552812,840999.3284620651
2025-12-19 00:00:00 UTC,0.13729700613789061,60242660.72218239,584787.415779278
2025-12-20 00:00:00 UTC,0.13917906163850707,61081379.431404226,320286.30509778607
2025-12-21 00:00:00 UTC,0.1405796759341732,61683772.9043614,323722.66598915163
2025-12-22 00:00:00 UTC,0.1373591836519362,60375267.2517467,274670.4445674946
2025-12-23 00:00:00 UTC,0.13883687729142727,60890011.19413135,337823.93920965766
2025-12-24 00:00:00 UTC,0.14061877924926738,61802207.357506566,529583.4757010752
2025-12-25 00:00:00 UTC,0.14031998349059008,61564360.985476434,412114.43393042113
2025-12-26 00:00:00 UTC,0.14224989539806998,62377632.33054905,270038.7683751184
2025-12-27 00:00:00 UTC,0.144799156256119,63512253.92257455,303200.8066987193
2025-12-28 00:00:00 UTC,0.14494595662296428,63588239.61387641,240098.943330999
2025-12-29 00:00:00 UTC,0.14386273944513783,63148929.41757735,255794.46588632453
2025-12-30 00:00:00 UTC,0.1392876278751393,61233007.12302873,458404.9806338942
2025-12-31 00:00:00 UTC,0.14200837240062686,62310605.56789385,500660.44408436166
2026-01-01 00:00:00 UTC,0.1424400917785913,62500817.020047545,369314.2961784298
2026-01-02 00:00:00 UTC,0.1393834251992087,61135740.63702457,189082.64055952133
2026-01-03 00:00:00 UTC,0.14004925448351577,61435553.54479049,392924.0227530712
2026-01-04 00:00:00 UTC,0.14396382735839194,63159775.47613715,323448.47436725843
2026-01-05 00:00:00 UTC,0.14339143273797458,62817924.563622914,247377.53489046355
2026-01-06 00:00:00 UTC,0.14927601205704585,65462631.5379692,554013.8384435016
2026-01-07 00:00:00 UTC,0.15811468979581916,69487519.22949198,479715.17502554314
2026-01-08 00:00:00 UTC,0.15858886624224944,69535418.31433332,563738.8875290456
2026-01-09 00:00:00 UTC,0.15635623839554547,68594925.74967444,348843.751481878
2026-01-10 00:00:00 UTC,0.15432274798146012,67650393.43857835,404376.40744451684
2026-01-11 00:00:00 UTC,0.15907531546597384,69798739.86131139,445610.7107117432
2026-01-12 00:00:00 UTC,0.1591481650196978,69840986.22784233,332825.09144638764
2026-01-13 00:00:00 UTC,0.1576530778269857,69161952.96974708,323174.2472053333
2026-01-14 00:00:00 UTC,0.15804105342644784,69321434.80337808,330559.8064613918
2026-01-15 00:00:00 UTC,0.15523783731156815,68114939.1003598,285578.22586603975
2026-01-16 00:00:00 UTC,0.15884954266139206,69719835.63188425,393280.8697882298
2026-01-17 00:00:00 UTC,0.15508604960214972,68133127.11894614,277686.2043617152
2026-01-18 00:00:00 UTC,0.1563066157203143,68540160.06301573,215707.8778929904
2026-01-19 00:00:00 UTC,0.154225374181193,67682076.8686009,287979.60020811495
2026-01-20 00:00:00 UTC,0.14494357852652306,63610270.487866335,353510.6851405058
2026-01-21 00:00:00 UTC,0.14255465086904784,62560017.42807986,431805.69106002204
2026-01-22 00:00:00 UTC,0.1441519915186311,63246965.64177881,274885.1321129015
2026-01-23 00:00:00 UTC,0.14705861582032026,64526502.218104444,293538.3988518827
2026-01-24 00:00:00 UTC,0.15432347782642986,67661665.52169459,329641.3823601456
2026-01-25 00:00:00 UTC,0.1557293367796548,68330598.20182468,203393.8085320377
2026-01-26 00:00:00 UTC,0.15036678602871614,65978475.4373426,403648.80039216846
2026-01-27 00:00:00 UTC,0.15360652033939504,67472661.23135993,245679.76274920863
2026-01-28 00:00:00 UTC,0.15165212992320984,66562420.09596373,221667.29369494593
2026-01-29 00:00:00 UTC,0.14967867078893582,65667255.21244056,217917.32166261275
2026-01-30 00:00:00 UTC,0.1453214779165325,63766170.3233397,238469.90210589807
2026-01-31 00:00:00 UTC,0.14399622337630674,63201006.41144489,286769.7675693644
2026-02-01 00:00:00 UTC,0.14328836676754664,62856839.54671405,443109.1751642809
2026-02-02 00:00:00 UTC,0.14317334343589416,62868703.66282679,401601.5849809006
2026-02-03 00:00:00 UTC,0.14221919567670432,62401712.706419475,395248.56710919394
2026-02-04 00:00:00 UTC,0.13789099731300905,60495362.066410385,494804.95168676984
2026-02-05 00:00:00 UTC,0.1361938572075592,59737315.17709422,267882.16051107255
2026-02-06 00:00:00 UTC,0.11870645035573991,52068895.45253301,774599.197389832
2026-02-07 00:00:00 UTC,0.13652926707592572,59863497.36466247,271374.94577106787
2026-02-08 00:00:00 UTC,0.13552750710075104,59466480.921112925,254321.07429545323
2026-02-09 00:00:00 UTC,0.1327880601401653,58265018.60576514,202074.42056270372
2026-02-10 00:00:00 UTC,0.13231775348047004,58075178.479411334,201269.41333006351
2026-02-11 00:00:00 UTC,0.13005333473503256,57063490.778084874,146111.80958532408
2026-02-12 00:00:00 UTC,0.1274695332313362,55930851.34918766,212901.79077565006
2026-02-13 00:00:00 UTC,0.12579993826177152,55198238.26582703,214985.1719369641
2026-02-14 00:00:00 UTC,0.1235505364977279,54211250.38457001,275842.83277579857
2026-02-15 00:00:00 UTC,0.12497997931408913,54833128.133044116,235817.99250592466
2026-02-16 00:00:00 UTC,0.12306489952603873,53982326.26051634,158879.38199201046
2026-02-17 00:00:00 UTC,0.12193464934575152,53466637.1422926,276956.36887866247
2026-02-18 00:00:00 UTC,0.1307885514307001,57349187.8817603,376196.1925122264
2026-02-19 00:00:00 UTC,0.1298467161089884,56977595.818831995,217415.4282552141
2026-02-20 00:00:00 UTC,0.13187118803465833,57824247.6231916,136024.90863889703
2026-02-21 00:00:00 UTC,0.1353075913097307,59386313.93053154,239098.10127854385
2026-02-22 00:00:00 UTC,0.14337615376067026,62922086.460005514,288357.96562900604
2026-02-23 00:00:00 UTC,0.14264827518268378,62404141.09700776,90263.02365336292
2026-02-24 00:00:00 UTC,0.13609526502894045,59715600.57753357,285808.65943897975
2026-02-25 00:00:00 UTC,0.12940109176148484,56778344.99445964,263851.8622214164
2026-02-26 00:00:00 UTC,0.13017514967936603,57136416.18526964,266658.5528233997
2026-02-27 00:00:00 UTC,0.12948104921791034,56813428.56279749,330221.9192553494
2026-02-28 00:00:00 UTC,0.1266433802669455,55772573.16991294,166204.57143268836
2026-03-01 00:00:00 UTC,0.12732797339228757,55819387.60771108,454122.4795920582
2026-03-02 00:00:00 UTC,0.12287740815254564,53977066.46807893,208070.34847318695
2026-03-03 00:00:00 UTC,0.12029228689990337,52781782.284481175,320622.51501850697
2026-03-04 00:00:00 UTC,0.12425889578676862,54504899.56075061,203150.6239427243
2026-03-05 00:00:00 UTC,0.12567115683116756,55141731.81448123,139105.23155395678
2026-03-06 00:00:00 UTC,0.12554652081443898,55139745.22829922,235301.73941960244
2026-03-07 00:00:00 UTC,0.11983761948014338,52582110.39207395,313216.56097696174
2026-03-08 00:00:00 UTC,0.12622529052805145,55394803.99297347,216234.05274399708
2026-03-09 00:00:00 UTC,0.120514518167564,52885890.55226277,211023.2551635034
2026-03-10 00:00:00 UTC,0.12195801106112548,51300603.83361018,369771.9972475302
2026-03-11 00:00:00 UTC,0.12299323605445973,51784338.83884802,177497.33278207062
