timestamp;price;volume
"2023-03-07 01:00:00";0.02166061424761671;2672.24
"2023-03-08 01:00:00";0.021829356271469716;1163.27
"2023-03-09 01:00:00";0.02151638787198949;2386.78
"2023-03-10 01:00:00";0.022885596132879407;1489.14
"2023-03-11 01:00:00";0.021219222368205594;1214.78
"2023-03-12 01:00:00";0.022191185013391835;1117.85
"2023-03-13 01:00:00";0.0221095659241799;1597.34
"2023-03-14 01:00:00";0.023395252290209605;2600.87
"2023-03-15 01:00:00";0.022022292174557312;712.95
"2023-03-16 01:00:00";0.021195198646749184;429.33
"2023-03-17 01:00:00";0.0214911136066397;1332.01
"2023-03-18 01:00:00";0.021653305618698205;993.7
"2023-03-19 01:00:00";0.02099660352001405;667.03
"2023-03-20 01:00:00";0.020434372201138702;1937.21
"2023-03-21 01:00:00";0.020850678612203476;1446.18
"2023-03-22 01:00:00";0.02295984894512084;2167.56
"2023-03-23 01:00:00";0.020353154665969004;3227.48
"2023-03-24 01:00:00";0.023481384014850823;902.8
"2023-03-25 01:00:00";0.021252227355636668;1415.18
"2023-03-26 01:00:00";0.021393680585801135;955.32
"2023-03-27 02:00:00";0.023333556550248356;1212.78
"2023-03-28 02:00:00";0.020017845046405573;329.76
"2023-03-29 02:00:00";0.02050790371372619;2284.93
"2023-03-30 02:00:00";0.020129784781895862;4780.15
"2023-03-31 02:00:00";0.02142902333126104;380.48
"2023-04-01 02:00:00";0.02046690451951723;746.6
"2023-04-02 02:00:00";0.02063598166374063;1968.21
"2023-04-03 02:00:00";0.019524939919320028;2990.71
"2023-04-04 02:00:00";0.02057892582343269;3724.76
"2023-04-05 02:00:00";0.020432275318779097;1260.58
"2023-04-06 02:00:00";0.02008597582967667;1198.81
"2023-04-07 02:00:00";0.020331778034355;2005.24
"2023-04-08 02:00:00";0.020316992025597298;189.08
"2023-04-09 02:00:00";0.020482437070157542;667.74
"2023-04-10 02:00:00";0.020052705517403256;907.58
"2023-04-11 02:00:00";0.020381218991355823;3517.41
"2023-04-12 02:00:00";0.020203167458081255;3212.53
"2023-04-13 02:00:00";0.0202944504556779;2735.54
"2023-04-14 02:00:00";0.020842034661349765;2107.4
"2023-04-15 02:00:00";0.020263082404575486;683.74
"2023-04-16 02:00:00";0.019843026670602098;2345.43
"2023-04-17 02:00:00";0.02045412806880317;2301.02
"2023-04-18 02:00:00";0.02031461413082559;3635.74
"2023-04-19 02:00:00";0.020529595079620027;2775.41
"2023-04-20 02:00:00";0.019779628868635657;2216.63
"2023-04-21 02:00:00";0.020910742205964374;1598.64
"2023-04-22 02:00:00";0.019380339672169525;1574.04
"2023-04-23 02:00:00";0.019054050709157794;715.29
"2023-04-24 02:00:00";0.019783556615675997;2022.24
"2023-04-25 02:00:00";0.01932770983281031;1442.68
"2023-04-26 02:00:00";0.020278316289058965;4023.96
"2023-04-27 02:00:00";0.019890715635814574;2858.08
"2023-04-28 02:00:00";0.021185222655693565;8045.97
"2023-04-29 02:00:00";0.02095765635316458;728.5
"2023-04-30 02:00:00";0.020568352865701665;2605.55
"2023-05-01 02:00:00";0.020851627996686852;1875.06
"2023-05-02 02:00:00";0.01995846422916661;3609.29
"2023-05-03 02:00:00";0.01968464771206122;2014.64
"2023-05-04 02:00:00";0.019279096071845938;1448.28
"2023-05-05 02:00:00";0.02026056826996469;1380.98
"2023-05-06 02:00:00";0.01941072725897479;634.92
"2023-05-07 02:00:00";0.01863879727941217;3019.7
"2023-05-08 02:00:00";0.018739040544630266;4368.91
"2023-05-09 02:00:00";0.019129105400877217;4694.77
"2023-05-10 02:00:00";0.019680772804614322;2230.84
"2023-05-11 02:00:00";0.01964817219934439;644.12
"2023-05-12 02:00:00";0.018390912339879266;740.36
"2023-05-13 02:00:00";0.02019440527812442;1602.52
"2023-05-14 02:00:00";0.01852570347637968;3415.5
"2023-05-15 02:00:00";0.02030570615791687;5047.43
"2023-05-16 02:00:00";0.02085364821083021;6545.53
"2023-05-17 02:00:00";0.021605154752130432;5209.89
"2023-05-18 02:00:00";0.02054651216606449;3383.29
"2023-05-19 02:00:00";0.020777404917233205;2039.57
"2023-05-20 02:00:00";0.02105557488470404;1940.05
"2023-05-21 02:00:00";0.020912768888884083;2493.73
"2023-05-22 02:00:00";0.020710724458931663;3968.86
"2023-05-23 02:00:00";0.022205133435074725;8087.7
"2023-05-24 02:00:00";0.023830807330478408;14460.61
"2023-05-25 02:00:00";0.024945709757075288;13580.27
"2023-05-26 02:00:00";0.028970575846090307;6121.76
"2023-05-27 02:00:00";0.0264459096005867;3098
"2023-05-28 02:00:00";0.02582776580911856;4812.3
"2023-05-29 02:00:00";0.024779885826407506;1781.53
"2023-05-30 02:00:00";0.023558989322417023;2243.3
"2023-05-31 02:00:00";0.024954537022398582;2809.64
"2023-06-01 02:00:00";0.024277141116245547;2159.42
"2023-06-02 02:00:00";0.024250165417223114;690.38
"2023-06-03 02:00:00";0.023708572697221056;911.22
"2023-06-04 02:00:00";0.023977555131760215;1062.71
"2023-06-05 02:00:00";0.02344600569842597;3389.25
"2023-06-06 02:00:00";0.02227058895963568;4617.28
"2023-06-07 02:00:00";0.022894046111720173;1976.42
"2023-06-08 02:00:00";0.022900337679023084;958.42
"2023-06-09 02:00:00";0.022259438620436917;1353.77
"2023-06-10 02:00:00";0.021347731309065532;9020.63
"2023-06-11 02:00:00";0.018729356375250757;7776.93
"2023-06-12 02:00:00";0.021396627535431652;3411.99
"2023-06-13 02:00:00";0.02161503936869995;4590.73
"2023-06-14 02:00:00";0.023670356997511043;3205.9
"2023-06-15 02:00:00";0.022952791782640845;4092.92
"2023-06-16 02:00:00";0.02235002996299235;4311.51
"2023-06-17 02:00:00";0.023043218341193453;3803.42
"2023-06-18 02:00:00";0.02289666952147408;837.19
"2023-06-19 02:00:00";0.02322938087489118;5255.27
"2023-06-20 02:00:00";0.023025909181207532;2917.21
"2023-06-21 02:00:00";0.02335513443997962;2777.8
"2023-06-22 02:00:00";0.025104389264982853;1766.7
"2023-06-23 02:00:00";0.023968618273932776;1333.02
"2023-06-24 02:00:00";0.024671789746150505;4620.21
"2023-06-25 02:00:00";0.02309327986577378;711.9
"2023-06-26 02:00:00";0.02335271899907925;2714.31
"2023-06-27 02:00:00";0.023423693871135163;2040.49
"2023-06-28 02:00:00";0.023693976729545662;3485.72
"2023-06-29 02:00:00";0.025975488778332435;2358.14
"2023-06-30 02:00:00";0.02490691905671846;5062.16
"2023-07-01 02:00:00";0.025529005203842055;1374.32
"2023-07-02 02:00:00";0.025943348090481846;1963.85
"2023-07-03 02:00:00";0.025951741062440584;3781.47
"2023-07-04 02:00:00";0.026179664718002437;1654.71
"2023-07-05 02:00:00";0.02630672344774404;2955.2
"2023-07-06 02:00:00";0.026394933597726034;9467.73
"2023-07-07 02:00:00";0.026140708204398126;1771.36
"2023-07-08 02:00:00";0.02656656634584321;1692.07
"2023-07-09 02:00:00";0.026351405097742652;1337.14
"2023-07-10 02:00:00";0.02623436950697127;4088.57
"2023-07-11 02:00:00";0.026769916264018676;2834.09
"2023-07-12 02:00:00";0.027568820942507392;594.19
"2023-07-13 02:00:00";0.027289713285681482;7218.35
"2023-07-14 02:00:00";0.02722098702866423;3830.56
"2023-07-15 02:00:00";0.02752283666773953;1620.47
"2023-07-16 02:00:00";0.027509540447016822;3759.82
"2023-07-17 02:00:00";0.027427167897217213;2498.45
"2023-07-18 02:00:00";0.027864782310334086;2733.2
"2023-07-19 02:00:00";0.0263111928320508;528.93
"2023-07-20 02:00:00";0.02613015946916139;1563.56
"2023-07-21 02:00:00";0.025621648944585313;712.95
"2023-07-22 02:00:00";0.026130709635961914;294.19
"2023-07-23 02:00:00";0.025417174488744452;1655.48
"2023-07-24 02:00:00";0.026393522600096125;1390.17
"2023-07-25 02:00:00";0.02537988231370094;545.55
"2023-07-26 02:00:00";0.024425365593041586;2256.51
"2023-07-27 02:00:00";0.024352118050578356;359.33
"2023-07-28 02:00:00";0.023934563280231996;1748.86
"2023-07-29 02:00:00";0.024026101927664942;1309.26
"2023-07-30 02:00:00";0.023478508936992812;897.29
"2023-07-31 02:00:00";0.023035348502316495;4676.52
"2023-08-01 02:00:00";0.021622517292577678;3379.12
"2023-08-02 02:00:00";0.023515879567003902;3999.11
"2023-08-03 02:00:00";0.022784601379531172;4952.42
"2023-08-04 02:00:00";0.021914283014890477;5695.08
"2023-08-05 02:00:00";0.02285996883227238;1120
"2023-08-06 02:00:00";0.023729603969337244;1579.24
"2023-08-07 02:00:00";0.023954151726019265;3587.31
"2023-08-08 02:00:00";0.02558721384270601;8080.96
"2023-08-09 02:00:00";0.026941220851032194;6380.38
"2023-08-10 02:00:00";0.029071427080779623;4800.09
"2023-08-11 02:00:00";0.028261991224190926;3363.1
"2023-08-12 02:00:00";0.029566216231676493;3824.85
"2023-08-13 02:00:00";0.02937530841363119;3280.24
"2023-08-14 02:00:00";0.029060897657631545;3428.1
"2023-08-15 02:00:00";0.03124866407234641;6308.69
"2023-08-16 02:00:00";0.03132475528400018;8168.96
"2023-08-17 02:00:00";0.034496913274418645;7211.87
"2023-08-18 02:00:00";0.03276466998072695;4689.03
"2023-08-19 02:00:00";0.03248778573636181;2735.38
"2023-08-20 02:00:00";0.03246744038823282;2903.88
"2023-08-21 02:00:00";0.03304360922573281;4541.04
"2023-08-22 02:00:00";0.032889823536622384;8570.89
"2023-08-23 02:00:00";0.033250634325118586;5428.16
"2023-08-24 02:00:00";0.0330291944272007;8252.62
"2023-08-25 02:00:00";0.034324157402087115;10153.12
"2023-08-26 02:00:00";0.03790478720481291;12138.82
"2023-08-27 02:00:00";0.03894523393914391;8939.27
"2023-08-28 02:00:00";0.0394847680488835;15362.05
"2023-08-29 02:00:00";0.03626930102633326;5186.29
"2023-08-30 02:00:00";0.0378401979750766;7743.86
"2023-08-31 02:00:00";0.039603750480021835;3989.88
"2023-09-01 02:00:00";0.037645723390895634;5576.1
"2023-09-02 02:00:00";0.037264743517415565;3798.24
"2023-09-03 02:00:00";0.03736850610176938;7579.75
"2023-09-04 02:00:00";0.03583881300405055;4298.76
"2023-09-05 02:00:00";0.03809033305613045;7607.63
"2023-09-06 02:00:00";0.03826382512486003;9292.87
"2023-09-07 02:00:00";0.03927195299707399;7911.3
"2023-09-08 02:00:00";0.03889704653481818;7280.1
"2023-09-09 02:00:00";0.03834963560874671;8213.9
"2023-09-10 02:00:00";0.03895598944326139;7105.58
"2023-09-11 02:00:00";0.03733705200686004;9443.07
"2023-09-12 02:00:00";0.03580269934529431;4637.09
"2023-09-13 02:00:00";0.03621217689449023;8165.82
"2023-09-14 02:00:00";0.037403386058381456;9624.91
"2023-09-15 02:00:00";0.03842958560950369;5892.21
"2023-09-16 02:00:00";0.03934087415387814;6770.3
"2023-09-17 02:00:00";0.0380204319121821;8663.7
"2023-09-18 02:00:00";0.03871540637746995;12241.92
"2023-09-19 02:00:00";0.038071736087778474;10522.87
"2023-09-20 02:00:00";0.03847486478289345;5002.47
"2023-09-21 02:00:00";0.03871695767853408;5351.42
"2023-09-22 02:00:00";0.0384714913629126;4900.77
"2023-09-23 02:00:00";0.03869575744881179;12445.02
"2023-09-24 02:00:00";0.03626473158789782;5749.15
"2023-09-25 02:00:00";0.03816752988174947;4443.18
"2023-09-26 02:00:00";0.03850491292880803;5483.1
"2023-09-27 02:00:00";0.038496643339985884;6537.89
"2023-09-28 02:00:00";0.04012393199705495;11414.63
"2023-09-29 02:00:00";0.03972384502576142;17492.34
"2023-09-30 02:00:00";0.041220561521089404;8812.47
"2023-10-01 02:00:00";0.04118564986766022;6111.62
"2023-10-02 02:00:00";0.04259903969377467;16406.84
"2023-10-03 02:00:00";0.042969647350623405;16245.78
"2023-10-04 02:00:00";0.04605944686320663;27444.75
"2023-10-05 02:00:00";0.049360966963612536;37621.08
"2023-10-06 02:00:00";0.04469989462615006;10929.05
"2023-10-07 02:00:00";0.04768420359540754;12332.89
"2023-10-08 02:00:00";0.04647458805790568;9324.43
"2023-10-09 02:00:00";0.049326644630168746;10833.62
"2023-10-10 02:00:00";0.04953595734079644;8414.07
"2023-10-11 02:00:00";0.04996364622321344;15572.43
"2023-10-12 02:00:00";0.05045812210970389;4362.73
"2023-10-13 02:00:00";0.04931947617279753;4215.1
"2023-10-14 02:00:00";0.04999641604549904;6355.03
"2023-10-15 02:00:00";0.050454110197644876;4071.42
"2023-10-16 02:00:00";0.050015889655287915;10691.38
"2023-10-17 02:00:00";0.04876949485505216;7541.26
"2023-10-18 02:00:00";0.04795627675146037;7012.27
"2023-10-19 02:00:00";0.050035601004639205;2813.22
"2023-10-20 02:00:00";0.048800699953754016;7008.36
"2023-10-21 02:00:00";0.04733658870131485;4835.02
"2023-10-22 02:00:00";0.04543505372528423;7440.92
"2023-10-23 02:00:00";0.04894853977146081;20435.04
"2023-10-24 02:00:00";0.04953047290934025;10689.59
"2023-10-25 02:00:00";0.04907292380440624;5413.61
"2023-10-26 02:00:00";0.048975700207636357;11449.33
"2023-10-27 02:00:00";0.049885558624157646;10616.4
"2023-10-28 02:00:00";0.0472575294937284;11178.17
"2023-10-29 02:00:00";0.046048527066231845;5412.02
"2023-10-30 01:00:00";0.04787498742920587;8801.01
"2023-10-31 01:00:00";0.04573893614779458;14551.34
"2023-11-01 01:00:00";0.04843258361519045;5494.25
"2023-11-02 01:00:00";0.04874921081222702;12462.09
"2023-11-03 01:00:00";0.04848570164885708;15303.93
"2023-11-04 01:00:00";0.05296253185420238;13441.57
"2023-11-05 01:00:00";0.051414288429106336;7296.43
"2023-11-06 01:00:00";0.05051537176922266;20939.87
"2023-11-07 01:00:00";0.05121305584827675;10211.2
"2023-11-08 01:00:00";0.05113572718274033;19002.84
"2023-11-09 01:00:00";0.05373902470647431;24824.2
"2023-11-10 01:00:00";0.05534539032538067;13347.37
"2023-11-11 01:00:00";0.05438042905417379;12364.67
"2023-11-12 01:00:00";0.0554096556975373;25546.45
"2023-11-13 01:00:00";0.05663058773472689;18113.71
"2023-11-14 01:00:00";0.05146415602227151;18791.47
"2023-11-15 01:00:00";0.05436141353172286;9084.15
"2023-11-16 01:00:00";0.05481641000237009;28145.91
"2023-11-17 01:00:00";0.060829512339167294;26400.42
"2023-11-18 01:00:00";0.06531204843346025;19089.42
"2023-11-19 01:00:00";0.06869558327508096;24856.89
"2023-11-20 01:00:00";0.06868794344848538;16259.01
"2023-11-21 01:00:00";0.06521968125889956;5790.66
"2023-11-22 01:00:00";0.06514092344770304;10284.54
"2023-11-23 01:00:00";0.06596111540351488;11406.27
"2023-11-24 01:00:00";0.07201372728756872;7710.51
"2023-11-25 01:00:00";0.0695826773077027;15894.69
"2023-11-26 01:00:00";0.07280979373375873;11200.32
"2023-11-27 01:00:00";0.06861041685295724;24863.97
"2023-11-28 01:00:00";0.06644758548162374;29899.35
"2023-11-29 01:00:00";0.062382365351916165;28689.62
"2023-11-30 01:00:00";0.07145934499042894;19497.75
"2023-12-01 01:00:00";0.06909994065754328;12066.14
"2023-12-02 01:00:00";0.07217449685914767;15975.86
"2023-12-03 01:00:00";0.07457507348515903;7163.33
"2023-12-04 01:00:00";0.07466745988992166;15269.04
"2023-12-05 01:00:00";0.07384981622990092;18940.14
"2023-12-06 01:00:00";0.07224400707388692;8729.15
"2023-12-07 01:00:00";0.07163245751107032;15649.22
"2023-12-08 01:00:00";0.07075889879127317;26886.31
"2023-12-09 01:00:00";0.07412855412650415;33748.44
"2023-12-10 01:00:00";0.08077513930317237;73269.66
"2023-12-11 01:00:00";0.096430391110398;48458.18
"2023-12-12 01:00:00";0.09073952858449175;49437.48
"2023-12-13 01:00:00";0.08686728580298889;35634.08
"2023-12-14 01:00:00";0.08687328794298507;45496.38
"2023-12-15 01:00:00";0.08822138546060186;45987.7
"2023-12-16 01:00:00";0.08371048296963737;49096.17
"2023-12-17 01:00:00";0.08438714246343311;49429.81
"2023-12-18 01:00:00";0.0871438736694772;45715.38
"2023-12-19 01:00:00";0.08673571413385303;296630.37
"2023-12-20 01:00:00";0.1235732354326068;388188.11
"2023-12-21 01:00:00";0.15360934390510517;253425.06
"2023-12-22 01:00:00";0.17366295610519542;193926.72
"2023-12-23 01:00:00";0.14652026554159095;159273.81
"2023-12-24 01:00:00";0.14337276671433707;102840.72
"2023-12-25 01:00:00";0.15431289719693847;23482.9
"2023-12-26 01:00:00";0.14994552087831886;75346.71
"2023-12-27 01:00:00";0.14982826111672776;83317.6
"2023-12-28 01:00:00";0.12869432164172573;48204.36
"2023-12-29 01:00:00";0.11832550371455244;30906.71
"2023-12-30 01:00:00";0.11766987119048372;21126.49
"2023-12-31 01:00:00";0.11212305221393032;25815.11
"2024-01-01 01:00:00";0.11059968610245456;41746.48
"2024-01-02 01:00:00";0.10547487696517881;42878.08
"2024-01-03 01:00:00";0.11344806566041417;30919.19
"2024-01-04 01:00:00";0.10418425312139015;50227.36
"2024-01-05 01:00:00";0.11086078890995242;42674.11
"2024-01-06 01:00:00";0.10941777693864971;36179.16
"2024-01-07 01:00:00";0.10491332266131553;19750.88
"2024-01-08 01:00:00";0.09915970730248413;78872.73
"2024-01-09 01:00:00";0.09163194258366274;43245.3
"2024-01-10 01:00:00";0.08547985798980753;35281.92
"2024-01-11 01:00:00";0.09379033301719264;97861.02
"2024-01-12 01:00:00";0.10303831205609724;33444.29
"2024-01-13 01:00:00";0.09603827791788133;44109.82
"2024-01-14 01:00:00";0.10358773040559484;27704.87
"2024-01-15 01:00:00";0.1009387425990496;56097.36
"2024-01-16 01:00:00";0.11325408982259742;112931.16
"2024-01-17 01:00:00";0.1297234332162058;67465.76
"2024-01-18 01:00:00";0.13007953487922871;45455.74
"2024-01-19 01:00:00";0.12507051664132193;64152.21
"2024-01-20 01:00:00";0.12474525797188414;49520.43
"2024-01-21 01:00:00";0.12284115648511111;45676.1
"2024-01-22 01:00:00";0.12876977043637367;49155.29
"2024-01-23 01:00:00";0.1197198418843671;83137.08
"2024-01-24 01:00:00";0.11045902330032036;32968.48
"2024-01-25 01:00:00";0.10779067448623801;55474.15
"2024-01-26 01:00:00";0.11757834231886787;63167.34
"2024-01-27 01:00:00";0.12820580127854175;35183.13
"2024-01-28 01:00:00";0.1275344612753007;38678.99
"2024-01-29 01:00:00";0.12078961331285765;34620.58
"2024-01-30 01:00:00";0.12051924677623811;37988.45
"2024-01-31 01:00:00";0.10967198047691112;22878.07
"2024-02-01 01:00:00";0.11184152232398471;28351.44
"2024-02-02 01:00:00";0.10845498414110462;23778.86
"2024-02-03 01:00:00";0.10581869946699038;8876.46
"2024-02-04 01:00:00";0.10476298747534406;24468.64
"2024-02-05 01:00:00";0.10205879502420365;37334.79
"2024-02-06 01:00:00";0.10326686164072306;11133.54
"2024-02-07 01:00:00";0.10169817901435857;32704.46
"2024-02-08 01:00:00";0.10284443774247273;45698.19
"2024-02-09 01:00:00";0.09907041480323471;20381.19
"2024-02-10 01:00:00";0.10380897030531022;17977.31
"2024-02-11 01:00:00";0.107633006286957;12918.44
"2024-02-12 01:00:00";0.10380470163936072;27403.66
"2024-02-13 01:00:00";0.101421318987837;16943.37
"2024-02-14 01:00:00";0.10008148835764111;217472.72
"2024-02-15 01:00:00";0.09532497137175051;13843.41
"2024-02-16 01:00:00";0.09441665576741666;67280.03
"2024-02-17 01:00:00";0.10708360769828645;33817.51
"2024-02-18 01:00:00";0.10129530982769638;95621.9
"2024-02-19 01:00:00";0.11014876199383059;100342.8
"2024-02-20 01:00:00";0.116754336182418;47475.96
"2024-02-21 01:00:00";0.1156852814516163;32576.01
"2024-02-22 01:00:00";0.10744395301765693;21212.38
"2024-02-23 01:00:00";0.10845097917004841;88092.37
"2024-02-24 01:00:00";0.11449147381674109;49635.01
"2024-02-25 01:00:00";0.1171427716483215;27621.31
"2024-02-26 01:00:00";0.11613449118448647;87660.09
"2024-02-27 01:00:00";0.11602182424120402;43275.35
"2024-02-28 01:00:00";0.11250558830076929;102172.38
"2024-02-29 01:00:00";0.12758905377162233;219630.35
"2024-03-01 01:00:00";0.14531275843235344;84453.44
"2024-03-02 01:00:00";0.14082618711964853;53941.76
"2024-03-03 01:00:00";0.13041932239181248;530732.35
"2024-03-04 01:00:00";0.16143026520155448;216157.32
"2024-03-05 01:00:00";0.17008038039047693;479222.92
"2024-03-06 01:00:00";0.1870029794931529;135897.49
"2024-03-07 01:00:00";0.1862253790992566;558401.33
"2024-03-08 01:00:00";0.2161936104677048;541084.26
"2024-03-09 01:00:00";0.2491931203078028;205842.19
"2024-03-10 01:00:00";0.23208461632523955;231085.2
"2024-03-11 01:00:00";0.22408157652764865;153866
"2024-03-12 01:00:00";0.20781998866374135;468789.64
"2024-03-13 01:00:00";0.26030801443989204;1617740.11
"2024-03-14 01:00:00";0.3317997093913923;455087.55
"2024-03-15 01:00:00";0.3243257397561312;381498.21
"2024-03-16 01:00:00";0.288682023940575;322593.19
"2024-03-17 01:00:00";0.2605937713453904;243766.2
"2024-03-18 01:00:00";0.2889640922357056;138605.6
"2024-03-19 01:00:00";0.25340230405892167;324677.29
"2024-03-20 01:00:00";0.23953031009056763;199572.12
"2024-03-21 01:00:00";0.23212390764295848;116214.04
"2024-03-22 01:00:00";0.2219503961224863;197176.23
"2024-03-23 01:00:00";0.2475153556453466;326358.81
"2024-03-24 01:00:00";0.2658465094137791;128220.79
"2024-03-25 01:00:00";0.2680661604056982;158528.19
"2024-03-26 01:00:00";0.26262272538274767;201136.44
"2024-03-27 01:00:00";0.24850901178762502;236987.11
"2024-03-28 01:00:00";0.24173625461427417;122475.82
"2024-03-29 01:00:00";0.24242011660065738;66563.89
"2024-03-30 01:00:00";0.23023417629842652;147884.09
"2024-03-31 01:00:00";0.2221788270263053;45537.03
"2024-04-01 02:00:00";0.22001831121359441;91343.45
"2024-04-02 02:00:00";0.21457517295863707;98528.73
"2024-04-03 02:00:00";0.20846969185718778;77807.4
"2024-04-04 02:00:00";0.22175086013725262;116611.58
"2024-04-05 02:00:00";0.21726122951890442;142714.53
"2024-04-06 02:00:00";0.20402344287751148;60703.76
"2024-04-07 02:00:00";0.20089214903214744;34898.31
"2024-04-08 02:00:00";0.20014415047776601;69720.13
"2024-04-09 02:00:00";0.20162777859669265;78343.68
"2024-04-10 02:00:00";0.200815003848613;83214.76
"2024-04-11 02:00:00";0.19203363516443991;47846.44
"2024-04-12 02:00:00";0.20336296370771628;125401.53
"2024-04-13 02:00:00";0.17033128458135677;252012.5
"2024-04-14 02:00:00";0.16370073239334756;89433.75
"2024-04-15 02:00:00";0.16065259631233686;58480.88
"2024-04-16 02:00:00";0.1567324549488623;364823.99
"2024-04-17 02:00:00";0.20371238370228603;165978.22
"2024-04-18 02:00:00";0.21218811496639872;309228.1
"2024-04-19 02:00:00";0.24392805222585215;156149.47
"2024-04-20 02:00:00";0.23475625136260786;178705.68
"2024-04-21 02:00:00";0.2628592943210442;218601.94
"2024-04-22 02:00:00";0.2507358851801942;125276.74
"2024-04-23 02:00:00";0.24528329907517554;799127.4
"2024-04-24 02:00:00";0.2758765669277003;528640.79
"2024-04-25 02:00:00";0.2830525900904493;486516.72
"2024-04-26 02:00:00";0.2987807050678148;260507.39
"2024-04-27 02:00:00";0.2992636810068982;635294.89
"2024-04-28 02:00:00";0.27861401477539266;168067.35
"2024-04-29 02:00:00";0.2896222124827205;114898.91
"2024-04-30 02:00:00";0.2852553696721187;175007.15
"2024-05-01 02:00:00";0.2717611079419188;132031.98
"2024-05-02 02:00:00";0.26136987947985507;104971.24
"2024-05-03 02:00:00";0.27087919201039773;129172.61
"2024-05-04 02:00:00";0.28177038167990226;56196.22
"2024-05-05 02:00:00";0.2800170308990062;97684.87
"2024-05-06 02:00:00";0.266697917685321;94461.26
"2024-05-07 02:00:00";0.2613759863411937;69235.37
"2024-05-08 02:00:00";0.24839561929137594;150044.68
"2024-05-09 02:00:00";0.23178884570436858;80591.95
"2024-05-10 02:00:00";0.23072342505144086;120544.81
"2024-05-11 02:00:00";0.20752041725075726;40038.45
"2024-05-12 02:00:00";0.21137459044684287;41253.35
"2024-05-13 02:00:00";0.20310739650978593;66981.58
"2024-05-14 02:00:00";0.20346796137269033;56165.64
"2024-05-15 02:00:00";0.20317267254138624;241335.61
"2024-05-16 02:00:00";0.2237682306610679;114621.79
"2024-05-17 02:00:00";0.22451350211443705;121993.77
"2024-05-18 02:00:00";0.23790765025612096;111875.84
"2024-05-19 02:00:00";0.22693316639427694;66947.8
"2024-05-20 02:00:00";0.21867762991883918;106397.43
"2024-05-21 02:00:00";0.22984549353591768;162638.01
"2024-05-22 02:00:00";0.22898620601903277;115068.93
"2024-05-23 02:00:00";0.2193214637593268;101993.3
"2024-05-24 02:00:00";0.21833641846136814;62141.33
"2024-05-25 02:00:00";0.21692440851761619;63870.18
"2024-05-26 02:00:00";0.21290692967459549;39855
"2024-05-27 02:00:00";0.21104949315370633;63019.78
"2024-05-28 02:00:00";0.20744375605961354;87917.78
"2024-05-29 02:00:00";0.20482107148798462;114905.62
"2024-05-30 02:00:00";0.19474448716278586;100662.56
"2024-05-31 02:00:00";0.18074311309959565;65942.02
"2024-06-01 02:00:00";0.18237948826324515;46687.68
"2024-06-02 02:00:00";0.1874715046658323;41002.85
"2024-06-03 02:00:00";0.18046784240246766;104218.52
"2024-06-04 02:00:00";0.1696340994475175;121064.53
"2024-06-05 02:00:00";0.18148928899359443;90390.81
"2024-06-06 02:00:00";0.1854573977690851;136707.97
"2024-06-07 02:00:00";0.1989029535590566;98592.19
"2024-06-08 02:00:00";0.18312705941377513;47106.85
"2024-06-09 02:00:00";0.1771306049418918;66496.47
"2024-06-10 02:00:00";0.18230584302683894;75825.19
"2024-06-11 02:00:00";0.17933394587495732;111046.42
"2024-06-12 02:00:00";0.18219573407347356;167988.2
"2024-06-13 02:00:00";0.1973844909783949;115366.58
"2024-06-14 02:00:00";0.1828489174604633;87617.17
"2024-06-15 02:00:00";0.1774780176011056;29446.97
"2024-06-16 02:00:00";0.17941324743714307;43917.27
"2024-06-17 02:00:00";0.1729082125689443;74015.36
"2024-06-18 02:00:00";0.17317883117471744;106926.54
"2024-06-19 02:00:00";0.16788510186440275;93511.25
"2024-06-20 02:00:00";0.1743000403599372;70585.79
"2024-06-21 02:00:00";0.1737201594786452;68350.18
"2024-06-22 02:00:00";0.17516303495158833;40648.6
"2024-06-23 02:00:00";0.1739797805194723;48899.01
"2024-06-24 02:00:00";0.17289251992774393;144556.32
"2024-06-25 02:00:00";0.16620396420882466;862585.52
"2024-06-26 02:00:00";0.167803595561778;537161.99
"2024-06-27 02:00:00";0.16277900536329298;2808206.16
"2024-06-28 02:00:00";0.1881232146533212;289630.68
"2024-06-29 02:00:00";0.17658425756123936;75967.85
"2024-06-30 02:00:00";0.17170321176245565;116574.34
"2024-07-01 02:00:00";0.18858370286579132;308194.86
"2024-07-02 02:00:00";0.17400974546060333;76795.13
"2024-07-03 02:00:00";0.17228173065980198;111885.49
"2024-07-04 02:00:00";0.16928918531955406;82507.53
"2024-07-05 02:00:00";0.16590143828351542;215496.02
"2024-07-06 02:00:00";0.15710117089983117;114161.09
"2024-07-07 02:00:00";0.1567909939654202;88015.84
"2024-07-08 02:00:00";0.15538962139341234;87538.09
"2024-07-09 02:00:00";0.156004540433694;81050.63
"2024-07-10 02:00:00";0.154954048065431;64999.73
"2024-07-11 02:00:00";0.15290541940789107;57799.44
"2024-07-12 02:00:00";0.15160861360802239;183600.66
"2024-07-13 02:00:00";0.146965453039878;85029.08
"2024-07-14 02:00:00";0.14697542958696497;68051.04
"2024-07-15 02:00:00";0.15196979846015263;89598.65
"2024-07-16 02:00:00";0.15364748051381763;98608.45
"2024-07-17 02:00:00";0.15523499071860714;104118.37
"2024-07-18 02:00:00";0.15771028469933437;82886.04
"2024-07-19 02:00:00";0.16011605744548965;63718.44
"2024-07-20 02:00:00";0.16161646716876252;51329.52
"2024-07-21 02:00:00";0.15965663370648694;72002.41
"2024-07-22 02:00:00";0.15790499560735982;130073.24
"2024-07-23 02:00:00";0.153444484943579;112058.09
"2024-07-24 02:00:00";0.15367988056273715;78412.23
"2024-07-25 02:00:00";0.15277367428130706;117084.4
"2024-07-26 02:00:00";0.14962540188569912;199993.19
"2024-07-27 02:00:00";0.15111855395545337;97514.21
"2024-07-28 02:00:00";0.15519630458284958;70469.11
"2024-07-29 02:00:00";0.15809338594275776;113392.92
"2024-07-30 02:00:00";0.16117735121378407;87244.11
"2024-07-31 02:00:00";0.1613446858335794;174379.14
"2024-08-01 02:00:00";0.16365443196636362;494128.45
"2024-08-02 02:00:00";0.16457809181569263;222915.75
"2024-08-03 02:00:00";0.15704026247674915;44904.39
"2024-08-04 02:00:00";0.15456629096887856;136710.18
"2024-08-05 02:00:00";0.14755897175541896;482155.47
"2024-08-06 02:00:00";0.1319437363540484;89650.69
"2024-08-07 02:00:00";0.13498238131581844;103684.6
"2024-08-08 02:00:00";0.13960683873751273;122827.52
"2024-08-09 02:00:00";0.14192832408000472;80826.05
"2024-08-10 02:00:00";0.1393762408611492;36551.4
"2024-08-11 02:00:00";0.14083790525497797;26668.84
"2024-08-12 02:00:00";0.13882767402640717;54190.5
"2024-08-13 02:00:00";0.1420150765788978;50802.3
"2024-08-14 02:00:00";0.14006026281394185;38936.62
"2024-08-15 02:00:00";0.1385751821029034;83524.66
"2024-08-16 02:00:00";0.14102526452950812;63381.97
"2024-08-17 02:00:00";0.13994477169903405;53447.88
"2024-08-18 02:00:00";0.1383094206602074;33895.19
"2024-08-19 02:00:00";0.1383072370184465;68754.5
"2024-08-20 02:00:00";0.13872142822215655;35839.2
"2024-08-21 02:00:00";0.13956264596399356;152731.2
"2024-08-22 02:00:00";0.13957985548219082;160072.51
"2024-08-23 02:00:00";0.1400689730209204;133751.12
"2024-08-24 02:00:00";0.14003260527694264;69669.75
"2024-08-25 02:00:00";0.13984206074501768;44673.63
"2024-08-26 02:00:00";0.1404933206870702;106335.58
"2024-08-27 02:00:00";0.14296517379586066;52392.64
"2024-08-28 02:00:00";0.14151240248227845;86907.08
"2024-08-29 02:00:00";0.13831071838325587;239731.06
"2024-08-30 02:00:00";0.14421158108843607;166932.72
"2024-08-31 02:00:00";0.1499807005585754;60201.82
"2024-09-01 02:00:00";0.15130982008626828;94884.64
"2024-09-02 02:00:00";0.14783384712667577;46459.07
"2024-09-03 02:00:00";0.14766123822490146;80230.16
"2024-09-04 02:00:00";0.14870998292483664;235037.6
"2024-09-05 02:00:00";0.14691648191866985;103322.31
"2024-09-06 02:00:00";0.14785059254995506;123846.29
"2024-09-07 02:00:00";0.14839085827579657;66813.53
"2024-09-08 02:00:00";0.14892546711511137;65827.26
"2024-09-09 02:00:00";0.1486572212542987;79464.03
"2024-09-10 02:00:00";0.1489995263983849;159434.53
"2024-09-11 02:00:00";0.14992658735906184;194800.53
"2024-09-12 02:00:00";0.15455520204831313;139457.83
"2024-09-13 02:00:00";0.15529753361106471;271417.89
"2024-09-14 02:00:00";0.16387286178673288;63276.05
"2024-09-15 02:00:00";0.16387392159743153;450015.12
"2024-09-16 02:00:00";0.17626903386482667;184859.45
"2024-09-17 02:00:00";0.1741219488163173;176369.82
"2024-09-18 02:00:00";0.181395432097141;535395.82
"2024-09-19 02:00:00";0.19675672469057773;294094.07
"2024-09-20 02:00:00";0.19782188973309456;269115.72
"2024-09-21 02:00:00";0.20543015799475878;327349.85
"2024-09-22 02:00:00";0.2203003013245413;341834.1
"2024-09-23 02:00:00";0.23164030019408485;251559.78
"2024-09-24 02:00:00";0.22796158249646706;202655.17
"2024-09-25 02:00:00";0.23101937952882667;880836.67
"2024-09-26 02:00:00";0.26545117353304587;789571.11
"2024-09-27 02:00:00";0.28707706688864587;892367.05
"2024-09-28 02:00:00";0.2666606958895906;388577.28
"2024-09-29 02:00:00";0.257897135573229;349824.02
"2024-09-30 02:00:00";0.267011833483873;595410.34
"2024-10-01 02:00:00";0.24552860794496445;351044.66
"2024-10-02 02:00:00";0.23584444816901184;335682.12
"2024-10-03 02:00:00";0.2513186437529888;597414.38
"2024-10-04 02:00:00";0.28334885124995524;436028.66
"2024-10-05 02:00:00";0.2979848013199972;311291.28
"2024-10-06 02:00:00";0.28895604000814834;266339.34
"2024-10-07 02:00:00";0.2753748144357031;424241.14
"2024-10-08 02:00:00";0.29025058022003647;150298.76
"2024-10-09 02:00:00";0.2856806478535297;204129.2
"2024-10-10 02:00:00";0.2862498763488558;228992.51
"2024-10-11 02:00:00";0.2784583284864145;108030.58
"2024-10-12 02:00:00";0.27755768873172526;230838.02
"2024-10-13 02:00:00";0.27359057374938267;206354.02
"2024-10-14 02:00:00";0.26117724614089566;361084.8
"2024-10-15 02:00:00";0.26484585342374667;211759.58
"2024-10-16 02:00:00";0.2602394324778965;268359.15
"2024-10-17 02:00:00";0.24812195203848317;475187.2
"2024-10-18 02:00:00";0.2540252982462605;238723.16
"2024-10-19 02:00:00";0.2461292442042365;110631.48
"2024-10-20 02:00:00";0.24355015532426663;171353.34
"2024-10-21 02:00:00";0.2423372779585719;140813.2
"2024-10-22 02:00:00";0.23956089409144557;260858.04
"2024-10-23 02:00:00";0.23287130678480553;467134.53
"2024-10-24 02:00:00";0.21941514426124042;155186.07
"2024-10-25 02:00:00";0.2218241795493072;140500.4
"2024-10-26 02:00:00";0.22110107910201413;217179
"2024-10-27 02:00:00";0.22827357280198265;115897.78
"2024-10-28 01:00:00";0.22853138073854337;105513.5
"2024-10-29 01:00:00";0.22840677441393523;331038.18
"2024-10-30 01:00:00";0.22984459504342833;109061.57
"2024-10-31 01:00:00";0.22809701518788825;302025.84
"2024-11-01 01:00:00";0.22582835381374797;152625.48
"2024-11-02 01:00:00";0.2236397123456733;262590.7
"2024-11-03 01:00:00";0.21451344718073;111548.85
"2024-11-04 01:00:00";0.2155729560162042;216567.57
"2024-11-05 01:00:00";0.21405754791973602;346196.22
"2024-11-06 01:00:00";0.21019034797078315;501633.42
"2024-11-07 01:00:00";0.2251912245045419;446613.04
"2024-11-08 01:00:00";0.213103084786545;280576.03
"2024-11-09 01:00:00";0.215788187518746;293118.85
"2024-11-10 01:00:00";0.21793924704061668;323857.65
"2024-11-11 01:00:00";0.2175917833667893;506089.25
"2024-11-12 01:00:00";0.23424830832754356;243196.38
"2024-11-13 01:00:00";0.23295498511350332;373731.46
"2024-11-14 01:00:00";0.2347442362661447;602720.61
"2024-11-15 01:00:00";0.2404659281027673;745648.61
"2024-11-16 01:00:00";0.25331048279821905;321097.39
"2024-11-17 01:00:00";0.24569799736850248;571722.01
"2024-11-18 01:00:00";0.260566893281547;617801.71
"2024-11-19 01:00:00";0.26299058589175955;363602.01
"2024-11-20 01:00:00";0.25582253495046575;374685.36
"2024-11-21 01:00:00";0.24763649597310722;481643.44
"2024-11-22 01:00:00";0.2546816694104815;323092.09
"2024-11-23 01:00:00";0.2537637421328707;474867.81
"2024-11-24 01:00:00";0.25768174562168883;365983.23
"2024-11-25 01:00:00";0.25073562462808174;285490.26
"2024-11-26 01:00:00";0.245410059484697;364378.49
"2024-11-27 01:00:00";0.24761961992843157;404441.24
"2024-11-28 01:00:00";0.2470492023781673;403601.37
"2024-11-29 01:00:00";0.24418727581355826;290143.49
"2024-11-30 01:00:00";0.24006578003503365;360009.49
"2024-12-01 01:00:00";0.23699594244131592;439718.38
"2024-12-02 01:00:00";0.25156106081208507;409610.82
"2024-12-03 01:00:00";0.24920991896321873;335537.1
"2024-12-04 01:00:00";0.2506606268378526;402663.99
"2024-12-05 01:00:00";0.25548514495851854;441875.99
"2024-12-06 01:00:00";0.265618929862778;353453.88
"2024-12-07 01:00:00";0.2695746124152583;756812.32
"2024-12-08 01:00:00";0.2782993951412245;337344.56
"2024-12-09 01:00:00";0.27721089410441296;664008.53
"2024-12-10 01:00:00";0.26079106099553223;578789.72
"2024-12-11 01:00:00";0.25784630012676674;902572.98
"2024-12-12 01:00:00";0.2473627248286082;213946.75
"2024-12-13 01:00:00";0.24589097564277057;470021.86
"2024-12-14 01:00:00";0.25159723086532143;211109.03
"2024-12-15 01:00:00";0.24969622432691307;330250.03
"2024-12-16 01:00:00";0.2471698877787637;332094.62
"2024-12-17 01:00:00";0.24625493901284143;742764.97
"2024-12-18 01:00:00";0.25504945797439454;505784.07
"2024-12-19 01:00:00";0.24417724332486;1230784.43
"2024-12-20 01:00:00";0.22147327166575603;1481335.57
"2024-12-21 01:00:00";0.21021324155090354;585492.8
"2024-12-22 01:00:00";0.21100777337331386;626561.73
"2024-12-23 01:00:00";0.20777576571685114;265532.23
"2024-12-24 01:00:00";0.2112879099523393;481962.55
"2024-12-25 01:00:00";0.221855741562509;485012.75
"2024-12-26 01:00:00";0.23602259497735253;406066.01
"2024-12-27 01:00:00";0.23185982309311742;1146532.95
"2024-12-28 01:00:00";0.2603211837749328;414545.54
"2024-12-29 01:00:00";0.24679300248183153;239638.73
"2024-12-30 01:00:00";0.2471402431276693;252773.76
"2024-12-31 01:00:00";0.24441795822103152;228975.61
"2025-01-01 01:00:00";0.2389554950496519;182348.67
"2025-01-02 01:00:00";0.2371609356316132;208070.21
"2025-01-03 01:00:00";0.23648528513342143;145801.45
"2025-01-04 01:00:00";0.237159998642109;202236.77
"2025-01-05 01:00:00";0.23717847790144606;213344.3
"2025-01-06 01:00:00";0.23677508255597746;247682.56
"2025-01-07 01:00:00";0.23500013605742737;693424.19
"2025-01-08 01:00:00";0.24099258555580075;363995.82
"2025-01-09 01:00:00";0.24123530224357836;535798.64
"2025-01-10 01:00:00";0.24204246288834333;922412.81
"2025-01-11 01:00:00";0.25898801484464445;942779.06
"2025-01-12 01:00:00";0.2747147855743334;687639.6
"2025-01-13 01:00:00";0.26917461246002045;638967.42
"2025-01-14 01:00:00";0.2661656455675393;902095.76
"2025-01-15 01:00:00";0.2857453939393614;3104086.66
"2025-01-16 01:00:00";0.3331414919354773;923774.03
"2025-01-17 01:00:00";0.32199475992235804;929561.89
"2025-01-18 01:00:00";0.3424646727468034;1042114.14
"2025-01-19 01:00:00";0.3410135974461171;778453.97
"2025-01-20 01:00:00";0.3262473073664604;1753997.47
"2025-01-21 01:00:00";0.3462258738759011;677071.21
"2025-01-22 01:00:00";0.3453511720951278;377038.28
"2025-01-23 01:00:00";0.34574383239084555;683643.58
"2025-01-24 01:00:00";0.35024199020729907;1501940.02
"2025-01-25 01:00:00";0.35903925234325124;963477.58
"2025-01-26 01:00:00";0.37121131804118807;338366.99
"2025-01-27 01:00:00";0.36464958078013693;1480481.12
"2025-01-28 01:00:00";0.3614934298390575;844284.83
"2025-01-29 01:00:00";0.3622764964679191;562703.77
"2025-01-30 01:00:00";0.35546029742958646;387490.72
"2025-01-31 01:00:00";0.34892098850620135;349758.53
"2025-02-01 01:00:00";0.34688343442212927;625629.62
"2025-02-02 01:00:00";0.3435157609252821;932861.02
"2025-02-03 01:00:00";0.33077755828788824;1304901.99
"2025-02-04 01:00:00";0.3235233924420722;1122873.5
"2025-02-05 01:00:00";0.2920343304840121;328334.28
"2025-02-06 01:00:00";0.2915827047038114;1051610.41
"2025-02-07 01:00:00";0.28315020012937947;606515.66
"2025-02-08 01:00:00";0.3001748702473722;362230.9
"2025-02-09 01:00:00";0.30406830748464314;442403.49
"2025-02-10 01:00:00";0.3085287124137194;373242.17
"2025-02-11 01:00:00";0.3129937385835704;513093.06
"2025-02-12 01:00:00";0.3118452438475034;1276634.92
"2025-02-13 01:00:00";0.3049888575977616;244154.83
"2025-02-14 01:00:00";0.3011948559339085;339718.7
"2025-02-15 01:00:00";0.30443398338810757;243555.68
"2025-02-16 01:00:00";0.3057418736372329;220318.35
"2025-02-17 01:00:00";0.30670759198678665;254868.08
"2025-02-18 01:00:00";0.3034835138253406;854472.62
"2025-02-19 01:00:00";0.29934768017843877;253726.61
"2025-02-20 01:00:00";0.30088642513485286;426453.57
"2025-02-21 01:00:00";0.3097205700355831;519698.69
"2025-02-22 01:00:00";0.3066567131056754;328635.66
"2025-02-23 01:00:00";0.3110485599763037;207188.28
"2025-02-24 01:00:00";0.308972886672888;576017.99
"2025-02-25 01:00:00";0.2869339802552962;1884090.42
"2025-02-26 01:00:00";0.25204746618930024;1852922.52
"2025-02-27 01:00:00";0.2913311424391691;1308144.07
"2025-02-28 01:00:00";0.2979071856513359;3019661.02
"2025-03-01 01:00:00";0.3251333813227249;494600.08
"2025-03-02 01:00:00";0.32223719055958094;1011012.27
"2025-03-03 01:00:00";0.3294629796243434;860360.38
"2025-03-04 01:00:00";0.3276281952518024;2549952.29
"2025-03-05 01:00:00";0.3239854996712886;1202230.65
"2025-03-06 01:00:00";0.3373171591539111;573966
"2025-03-07 01:00:00";0.33910866791631583;676502.45
"2025-03-08 01:00:00";0.32851071244617386;266268.42
"2025-03-09 01:00:00";0.32063360758759296;640682.08
"2025-03-10 01:00:00";0.31770462688044043;1265745.8
"2025-03-11 01:00:00";0.289572005894779;1488387.64
"2025-03-12 01:00:00";0.26680850109979687;432639.91
"2025-03-13 01:00:00";0.2609116663421928;251138.14
"2025-03-14 01:00:00";0.2597424095287965;272935.64
"2025-03-15 01:00:00";0.26111155375802914;275640.75
"2025-03-16 01:00:00";0.26137909519517416;183551.84
"2025-03-17 01:00:00";0.2612741783480362;222220.88
"2025-03-18 01:00:00";0.26001170332159473;162615.38
"2025-03-19 01:00:00";0.2563045787868665;284912.29
"2025-03-20 01:00:00";0.2537238664302885;277842.91
"2025-03-21 01:00:00";0.254090651380369;544789.76
"2025-03-22 01:00:00";0.2502085721820478;294484.82
"2025-03-23 01:00:00";0.2515616747213015;75241.1
"2025-03-24 01:00:00";0.25055241789998056;402671.86
"2025-03-25 01:00:00";0.24697430691790087;318526.91
"2025-03-26 01:00:00";0.2487513859383479;703210.8
"2025-03-27 01:00:00";0.25025082519943725;347134.39
"2025-03-28 01:00:00";0.26021654729962246;411145.25
"2025-03-29 01:00:00";0.2556591084561394;184392.6
"2025-03-30 01:00:00";0.2509208929465881;176088.03
"2025-03-31 02:00:00";0.24959253223662803;578372.5
"2025-04-01 02:00:00";0.2597033722623393;303545.31
"2025-04-02 02:00:00";0.26065950605470134;316846.6
"2025-04-03 02:00:00";0.2499089547500077;419745.06
"2025-04-04 02:00:00";0.24021821675231;186104.95
"2025-04-05 02:00:00";0.23966845405217768;139450.96
"2025-04-06 02:00:00";0.23735861570196828;569829
"2025-04-07 02:00:00";0.22909171050541696;928358.07
"2025-04-08 02:00:00";0.21483090340212455;540099.03
"2025-04-09 02:00:00";0.20609205585272583;1454946.47
"2025-04-10 02:00:00";0.1966574174575815;814857.83
"2025-04-11 02:00:00";0.19615337618663686;418920.06
"2025-04-12 02:00:00";0.20204280664499183;205259.52
"2025-04-13 02:00:00";0.2020585627916909;215970.39
"2025-04-14 02:00:00";0.20026745855616626;347394.79
"2025-04-15 02:00:00";0.2041450533199213;171684.85
"2025-04-16 02:00:00";0.20031492604769308;409600
"2025-04-17 02:00:00";0.19260125192416608;484545.4
"2025-04-18 02:00:00";0.19983182141763411;242147.21
"2025-04-19 02:00:00";0.20702977076829704;235866.31
"2025-04-20 02:00:00";0.21311297908709648;155289.17
"2025-04-21 02:00:00";0.21247341889088817;225382.08
"2025-04-22 02:00:00";0.2107315753185875;378640.5
"2025-04-23 02:00:00";0.2198785303115784;415724.2
"2025-04-24 02:00:00";0.2250391576821434;480804.17
"2025-04-25 02:00:00";0.22667971193293404;234777.63
"2025-04-26 02:00:00";0.22572015101680654;389515.73
"2025-04-27 02:00:00";0.23351181438355334;222520.17
"2025-04-28 02:00:00";0.2288812985734221;228430.44
"2025-04-29 02:00:00";0.2208009835479389;344088.34
"2025-04-30 02:00:00";0.21470543381693152;197587.56
"2025-05-01 02:00:00";0.2128070074487031;182255.12
"2025-05-02 02:00:00";0.21306201064801888;479507.07
"2025-05-03 02:00:00";0.2282327973009492;361141.21
"2025-05-04 02:00:00";0.23131862961853708;287778.68
"2025-05-05 02:00:00";0.23461829097405956;342008.92
"2025-05-06 02:00:00";0.23212333330863724;222415.7
"2025-05-07 02:00:00";0.23659258823305507;188599.28
"2025-05-08 02:00:00";0.23334972569084095;618105.72
"2025-05-09 02:00:00";0.24080299037795264;716585.62
"2025-05-10 02:00:00";0.24385599983885312;474780.42
"2025-05-11 02:00:00";0.2447241776935347;442583.12
"2025-05-12 02:00:00";0.24552626962205984;474817.02
"2025-05-13 02:00:00";0.23737638267159972;565378.52
"2025-05-14 02:00:00";0.22536539025276073;242226.44
"2025-05-15 02:00:00";0.22538092793605233;622235.07
"2025-05-16 02:00:00";0.21585379105488445;257154.55
"2025-05-17 02:00:00";0.2147495839374684;434197.98
"2025-05-18 02:00:00";0.22124745882763705;215182.79
"2025-05-19 02:00:00";0.21608690578485235;250255.27
"2025-05-20 02:00:00";0.21528144348674896;329323.73
"2025-05-21 02:00:00";0.21559618844620035;274925.57
"2025-05-22 02:00:00";0.21653117577926195;334082.15
"2025-05-23 02:00:00";0.2160147013251142;664625.87
"2025-05-24 02:00:00";0.20004716915667925;211678.05
"2025-05-25 02:00:00";0.19989537942605104;600230.73
"2025-05-26 02:00:00";0.18832460422529645;609534.97
"2025-05-27 02:00:00";0.18718895845115263;304596.32
"2025-05-28 02:00:00";0.19603213696459124;463316.16
"2025-05-29 02:00:00";0.1961238076832394;684239.76
"2025-05-30 02:00:00";0.1950978273234298;351280.49
"2025-05-31 02:00:00";0.1892924219029973;348840.77
"2025-06-01 02:00:00";0.1892801522620045;192771.49
"2025-06-02 02:00:00";0.18948503092011726;422108.1
"2025-06-03 02:00:00";0.1903461250865379;300132.63
"2025-06-04 02:00:00";0.18978578620657383;302272.74
"2025-06-05 02:00:00";0.19018812053189654;338649.32
"2025-06-06 02:00:00";0.1895179925832935;262996.18
"2025-06-07 02:00:00";0.1902372958932343;279019.83
"2025-06-08 02:00:00";0.1894293696210896;224721.17
"2025-06-09 02:00:00";0.19243362435564887;409624.5
"2025-06-10 02:00:00";0.20275417610404545;548012.3
"2025-06-11 02:00:00";0.2155685017113518;470919.74
"2025-06-12 02:00:00";0.2140278784248685;496651.53
"2025-06-13 02:00:00";0.20645967669401563;705165.03
"2025-06-14 02:00:00";0.18731181555985807;586708.6
"2025-06-15 02:00:00";0.18191922699091886;268350.73
"2025-06-16 02:00:00";0.18894925475896232;321914.12
"2025-06-17 02:00:00";0.19427242203941258;330134.67
"2025-06-18 02:00:00";0.18826957999965988;288568.87
"2025-06-19 02:00:00";0.18721924207344084;295824.81
"2025-06-20 02:00:00";0.18691882489119846;174836.04
"2025-06-21 02:00:00";0.18598299757254774;217955
"2025-06-22 02:00:00";0.18401679977922075;871249.64
"2025-06-23 02:00:00";0.1733663679612593;520317.98
"2025-06-24 02:00:00";0.17480338871128376;985691.64
"2025-06-25 02:00:00";0.1675618946509502;2320210.84
"2025-06-26 02:00:00";0.16789486800325237;3257467.89
"2025-06-27 02:00:00";0.16028425312004313;530185.96
"2025-06-28 02:00:00";0.15731176548998835;612359.99
"2025-06-29 02:00:00";0.16106257241753988;850513.05
"2025-06-30 02:00:00";0.16249434710921165;691689.58
"2025-07-01 02:00:00";0.1470271330445821;1541828.69
"2025-07-02 02:00:00";0.14727061022046056;338108.43
"2025-07-03 02:00:00";0.1488589424344186;1167517.57
"2025-07-04 02:00:00";0.16542131586607609;1187543.05
"2025-07-05 02:00:00";0.17876271469433597;542082.24
"2025-07-06 02:00:00";0.17952573924187296;469467.84
"2025-07-07 02:00:00";0.17922929986871897;820375.4
"2025-07-08 02:00:00";0.17672843233522287;816355.5
"2025-07-09 02:00:00";0.17389353014302003;842567.75
"2025-07-10 02:00:00";0.16941064922395732;1238330.78
"2025-07-11 02:00:00";0.17900699536095072;484895.39
"2025-07-12 02:00:00";0.18094608411603377;498804.55
"2025-07-13 02:00:00";0.17984349148256007;445927.25
"2025-07-14 02:00:00";0.17932620018025025;588296.96
"2025-07-15 02:00:00";0.18382444455709795;926686.09
"2025-07-16 02:00:00";0.19041665423148665;957873.45
"2025-07-17 02:00:00";0.18374451515558463;1103583.22
"2025-07-18 02:00:00";0.17092715308211567;481201.86
"2025-07-19 02:00:00";0.1692283796621699;342355.94
"2025-07-20 02:00:00";0.16910023154592865;256794.91
"2025-07-21 02:00:00";0.17136761340033568;377587.56
"2025-07-22 02:00:00";0.17058606103971802;430087.08
"2025-07-23 02:00:00";0.16953922337025829;410350.77
"2025-07-24 02:00:00";0.162057139068761;338952.44
"2025-07-25 02:00:00";0.16313571852839656;287485.55
"2025-07-26 02:00:00";0.1672166534591211;288707.85
"2025-07-27 02:00:00";0.16469581808241648;312037.59
"2025-07-28 02:00:00";0.1657881225669833;270690.66
"2025-07-29 02:00:00";0.16474384046640442;694576.49
"2025-07-30 02:00:00";0.15394097434651013;537521.28
"2025-07-31 02:00:00";0.15559656857252668;456465.21
"2025-08-01 02:00:00";0.15723192210305073;574337.37
"2025-08-02 02:00:00";0.14604574326626024;418214.94
"2025-08-03 02:00:00";0.14617466306723154;921447.87
"2025-08-04 02:00:00";0.14931297952184694;1523038.38
"2025-08-05 02:00:00";0.15175151100989037;1441423.31
"2025-08-06 02:00:00";0.1391217758195752;604201.53
"2025-08-07 02:00:00";0.14190163778936984;1123883.52
"2025-08-08 02:00:00";0.14822445628680253;846003.67
"2025-08-09 02:00:00";0.1532740027263891;537456.47
"2025-08-10 02:00:00";0.1501442929462036;545696.28
"2025-08-11 02:00:00";0.15579139879783319;2319750.2
"2025-08-12 02:00:00";0.17500941239535903;1625631.01
"2025-08-13 02:00:00";0.17169401285383085;2187460.1
"2025-08-14 02:00:00";0.17236965166891074;706058.74
"2025-08-15 02:00:00";0.16813835870127306;596803.44
"2025-08-16 02:00:00";0.15631008228185814;195529.99
"2025-08-17 02:00:00";0.15715576240264623;367614.16
"2025-08-18 02:00:00";0.1539700390906248;413652.84
"2025-08-19 02:00:00";0.15130778963112854;673666.03
"2025-08-20 02:00:00";0.14740023357817206;435512.17
"2025-08-21 02:00:00";0.14387086626577003;487375.72
"2025-08-22 02:00:00";0.14532663128511825;316993.79
"2025-08-23 02:00:00";0.1614727141609738;338230.5
"2025-08-24 02:00:00";0.14916134275923976;334895.57
"2025-08-25 02:00:00";0.15054494292142329;402119.23
"2025-08-26 02:00:00";0.14247222811516966;224479.39
"2025-08-27 02:00:00";0.14641061157491145;239934.63
"2025-08-28 02:00:00";0.14950329766614773;198688.92
"2025-08-29 02:00:00";0.14390706096941575;217744.58
"2025-08-30 02:00:00";0.14204911827255687;151775.31
"2025-08-31 02:00:00";0.14367726194416536;164624.6
"2025-09-01 02:00:00";0.14131720013926383;324487.82
"2025-09-02 02:00:00";0.1431831740461969;291302.1
"2025-09-03 02:00:00";0.1504245281980852;497683.65
"2025-09-04 02:00:00";0.15174834487029307;432808.59
"2025-09-05 02:00:00";0.15379366011796547;475101.42
"2025-09-06 02:00:00";0.154091784298453;374743.7
"2025-09-07 02:00:00";0.1615485149359818;547157.54
"2025-09-08 02:00:00";0.16884723421859948;877094.06
"2025-09-09 02:00:00";0.15857389110112532;342094.84
"2025-09-10 02:00:00";0.15330876145396408;306005.5
"2025-09-11 02:00:00";0.16167254671190343;699703.25
"2025-09-12 02:00:00";0.17854659203985843;416649.99
"2025-09-13 02:00:00";0.17845339171557034;494976.12
"2025-09-14 02:00:00";0.17099706313165375;406762.34
"2025-09-15 02:00:00";0.18177127610132987;520826.46
"2025-09-16 02:00:00";0.1868216830182781;573492.41
"2025-09-17 02:00:00";0.18948679516657266;475967.88
"2025-09-18 02:00:00";0.20238940787484871;642215.59
"2025-09-19 02:00:00";0.19347896930949524;709071.4
"2025-09-20 02:00:00";0.20633015204691244;453882.51
"2025-09-21 02:00:00";0.20352871847714862;423964.72
"2025-09-22 02:00:00";0.18909690611516192;663973.24
"2025-09-23 02:00:00";0.17910384573790847;427607.15
"2025-09-24 02:00:00";0.18405046442433257;276593.96
"2025-09-25 02:00:00";0.18193857692986679;478176.53
"2025-09-26 02:00:00";0.1687395312247809;409402.9
"2025-09-27 02:00:00";0.17210582586685907;359191.8
"2025-09-28 02:00:00";0.1704943941380338;224619.6
"2025-09-29 02:00:00";0.1618697363902298;351819.63
"2025-09-30 02:00:00";0.16095421969644683;547894.88
"2025-10-01 02:00:00";0.15744478467434034;504418.09
"2025-10-02 02:00:00";0.1596677889220197;483559.29
"2025-10-03 02:00:00";0.1508844484697069;537050.69
"2025-10-04 02:00:00";0.15002838610717073;596671.97
"2025-10-05 02:00:00";0.15402646365191017;287521.61
"2025-10-06 02:00:00";0.15846334799951178;856955.81
"2025-10-07 02:00:00";0.17055537302144283;380951.76
"2025-10-08 02:00:00";0.16297875606598206;296179.45
"2025-10-09 02:00:00";0.15973045154061513;360688.36
"2025-10-10 02:00:00";0.15682556185494417;1049639.48
"2025-10-11 02:00:00";0.13534343609147165;1596350.21
"2025-10-12 02:00:00";0.11788875668052021;1221267.56
"2025-10-13 02:00:00";0.13113372028781464;411196.21
"2025-10-14 02:00:00";0.1397385522082399;444067.07
"2025-10-15 02:00:00";0.15175044769483426;319559.12
"2025-10-16 02:00:00";0.1447617460769504;587507.02
"2025-10-17 02:00:00";0.12881427178179236;657657.01
"2025-10-18 02:00:00";0.12746346083803986;412105.36
"2025-10-19 02:00:00";0.13597298891665446;361934.09
"2025-10-20 02:00:00";0.13428995107667754;416205.02
"2025-10-21 02:00:00";0.1262587441303246;657955.12
"2025-10-22 02:00:00";0.13204636893261631;617855.08
"2025-10-23 02:00:00";0.13399670350502096;420843.29
"2025-10-24 02:00:00";0.13277791410326123;226163.81
"2025-10-25 02:00:00";0.1328956803549948;177044.83
"2025-10-26 02:00:00";0.13373954315302142;237004.28
"2025-10-27 01:00:00";0.13351735722215916;210090.48
"2025-10-28 01:00:00";0.1327296572726004;326030.63
"2025-10-29 01:00:00";0.13011305127954922;489963.63
"2025-10-30 01:00:00";0.1277781652909825;417477.36
"2025-10-31 01:00:00";0.12269329095081395;426401.35
"2025-11-01 01:00:00";0.12283811888106184;340286.97
"2025-11-02 01:00:00";0.12578768769630225;206811.98
"2025-11-03 01:00:00";0.12291428224578757;584213.65
"2025-11-04 01:00:00";0.11484921796071101;1036821.79
"2025-11-05 01:00:00";0.12469871998340362;837325.15
"2025-11-06 01:00:00";0.12500676332686328;910182.9
"2025-11-07 01:00:00";0.1272085773150261;953159.28
"2025-11-08 01:00:00";0.13111769836876977;605699.34
"2025-11-09 01:00:00";0.13037168927696477;789594.7
"2025-11-10 01:00:00";0.1350741098440155;1962209.98
"2025-11-11 01:00:00";0.15790509978755884;1153635.47
"2025-11-12 01:00:00";0.1605307790414044;993672.91
"2025-11-13 01:00:00";0.1536211837369656;906054.65
"2025-11-14 01:00:00";0.14962725090065132;762941.43
"2025-11-15 01:00:00";0.14029358548044762;837140.05
"2025-11-16 01:00:00";0.1476523865337456;869911.79
"2025-11-17 01:00:00";0.14009673306914605;650958.24
"2025-11-18 01:00:00";0.1349329420471534;441857.14
"2025-11-19 01:00:00";0.14545859247581322;510788.25
"2025-11-20 01:00:00";0.1424072614634114;497687.81
"2025-11-21 01:00:00";0.1407269940180481;1253143.67
"2025-11-22 01:00:00";0.13672701382495073;570954.3
"2025-11-23 01:00:00";0.1343720047428876;741397.13
"2025-11-24 01:00:00";0.13895287476161725;672243.55
"2025-11-25 01:00:00";0.13643742976954973;776805.72
"2025-11-26 01:00:00";0.14949123470445536;1100468.59
"2025-11-27 01:00:00";0.14866550033604187;559087.14
"2025-11-28 01:00:00";0.1474113747474898;504004.54
"2025-11-29 01:00:00";0.14938643993373912;447883.32
"2025-11-30 01:00:00";0.14770059192894042;471279.79
"2025-12-01 01:00:00";0.1487250955461246;495671.06
"2025-12-02 01:00:00";0.1355531383949157;419819.49
"2025-12-03 01:00:00";0.13747115226719722;736239.56
"2025-12-04 01:00:00";0.1451627097632572;359519.04
"2025-12-05 01:00:00";0.14153494574863884;334879.34
"2025-12-06 01:00:00";0.1415080214323461;292402.92
"2025-12-07 01:00:00";0.13905752318747142;434636.89
"2025-12-08 01:00:00";0.14129649327774108;374184.58
"2025-12-09 01:00:00";0.1438683064714838;614416.36
"2025-12-10 01:00:00";0.14771495168883764;447207.08
"2025-12-11 01:00:00";0.14775771324387477;419387.68
"2025-12-12 01:00:00";0.14811083429035152;611965.53
"2025-12-13 01:00:00";0.13950286856421742;287157.1
"2025-12-14 01:00:00";0.14201414140874893;282197.5
"2025-12-15 01:00:00";0.13573009434420505;594598.37
"2025-12-16 01:00:00";0.13027231555918628;749001.06
"2025-12-17 01:00:00";0.1332208824678875;931779.81
"2025-12-18 01:00:00";0.13299237016566218;656851.45
"2025-12-19 01:00:00";0.13743076741119079;352323.04
"2025-12-20 01:00:00";0.13921184673196596;361713.11
"2025-12-21 01:00:00";0.14062098264744513;312262.39
"2025-12-22 01:00:00";0.13725345373537345;377599.4
"2025-12-23 01:00:00";0.1386993447180924;606682.84
"2025-12-24 01:00:00";0.14064283844465664;471749.11
"2025-12-25 01:00:00";0.14065905002542067;303581.35
"2025-12-26 01:00:00";0.14219607345848098;346605.77
"2025-12-27 01:00:00";0.14481991666838312;272272.65
"2025-12-28 01:00:00";0.14500178400227048;287165.82
"2025-12-29 01:00:00";0.1437122037673477;512567.29
"2025-12-30 01:00:00";0.13938512272791567;556541.96
"2025-12-31 01:00:00";0.14171391479113726;410163.03
"2026-01-01 01:00:00";0.14238915154568005;211735.34
"2026-01-02 01:00:00";0.13939882027004835;439581.02
"2026-01-03 01:00:00";0.14012027627957105;358667.38
"2026-01-04 01:00:00";0.1441051465388574;269579.15
"2026-01-05 01:00:00";0.14334438991295856;581492.34
"2026-01-06 01:00:00";0.1491364965982407;507977.82
"2026-01-07 01:00:00";0.1580857007495763;623746.25
"2026-01-08 01:00:00";0.1586627701432382;398087.65
"2026-01-09 01:00:00";0.1561591157616967;466593.67
"2026-01-10 01:00:00";0.15430413301487914;489772.42
"2026-01-11 01:00:00";0.15913433056181517;374726.2
"2026-01-12 01:00:00";0.1588812736104134;319998.07
"2026-01-13 01:00:00";0.15779050043870138;336229.84
"2026-01-14 01:00:00";0.15815739955788644;431335.78
"2026-01-15 01:00:00";0.15559429033680874;419915.78
"2026-01-16 01:00:00";0.1588082840086124;291697.79
"2026-01-17 01:00:00";0.1550522846068438;223418.49
"2026-01-18 01:00:00";0.1561845471040099;321246.24
"2026-01-19 01:00:00";0.15416637518637985;398742.02
"2026-01-20 01:00:00";0.14500836890672567;493473.51
"2026-01-21 01:00:00";0.14248715745248514;300865.57
"2026-01-22 01:00:00";0.1442158489183193;335371.04
"2026-01-23 01:00:00";0.14709985659551345;340140.6
"2026-01-24 01:00:00";0.15487660178962487;214681.01
"2026-01-25 01:00:00";0.1559499797284966;431556.35
"2026-01-26 01:00:00";0.15046805483217604;248935.42
"2026-01-27 01:00:00";0.1536666239143676;221546.98
"2026-01-28 01:00:00";0.15169692936147874;232365.9
"2026-01-29 01:00:00";0.14928646533182274;242079.9
"2026-01-30 01:00:00";0.14533191749083374;327488.49
"2026-01-31 01:00:00";0.14402087591441148;528671.27
"2026-02-01 01:00:00";0.14347475177324215;433389.19
"2026-02-02 01:00:00";0.1428820381599559;518918.3
"2026-02-03 01:00:00";0.1424682907268031;542626.21
"2026-02-04 01:00:00";0.13786585441884083;295383.12
"2026-02-05 01:00:00";0.13613070648179906;892330.83
"2026-02-06 01:00:00";0.11863986547946777;476849.03
"2026-02-07 01:00:00";0.13709029324952157;271691.76
"2026-02-08 01:00:00";0.13583522481351193;241445.33
"2026-02-09 01:00:00";0.13249080090902873;208482.97
"2026-02-10 01:00:00";0.13234283806464467;160716.38
"2026-02-11 01:00:00";0.13016951995934434;237752.43
"2026-02-12 01:00:00";0.12764793508973282;236549.72
"2026-02-13 01:00:00";0.12567078675300608;289943.48
"2026-02-14 01:00:00";0.1237068552792775;238398.25
"2026-02-15 01:00:00";0.12496862522341039;175510.39
"2026-02-16 01:00:00";0.12293442559532433;287043.17
"2026-02-17 01:00:00";0.1220034927946789;411288.43
"2026-02-18 01:00:00";0.1308573845023689;243150.12
"2026-02-19 01:00:00";0.12980216075607304;149844.72
"2026-02-20 01:00:00";0.13186937004420618;256878.43
"2026-02-21 01:00:00";0.13541702672691214;309609.84
"2026-02-22 01:00:00";0.1432626400384461;195225.71
"2026-02-23 01:00:00";0.14239053309231875;305325.5
"2026-02-24 01:00:00";0.1359258405248801;283940.46
"2026-02-25 01:00:00";0.1292327641990569;288609.14
"2026-02-26 01:00:00";0.13032020467949845;344896.52
"2026-02-27 01:00:00";0.12949969659269575;178124.22
"2026-02-28 01:00:00";0.12630243113679573;498295.16
"2026-03-01 01:00:00";0.1272896024419037;225449.08
"2026-03-02 01:00:00";0.12277378440706593;340768.4
"2026-03-03 01:00:00";0.12024664691974819;220874.77
"2026-03-04 01:00:00";0.12419635026709916;153568.16
"2026-03-05 01:00:00";0.12556882899093902;245524.4
"2026-03-06 01:00:00";0.12548736047136558;338421.31
"2026-03-07 01:00:00";0.11988557441498716;237994.34
"2026-03-08 01:00:00";0.12686629250515935;237574.54
"2026-03-09 01:00:00";0.1209876294117324;406066.25
"2026-03-10 01:00:00";0.1223525737559504;188566.1
"2026-03-11 17:41:00";0.12493729990666838;312683.96396989